num_changes,added_lines,removed_lines,modified_lines,if_condition_changed,loop_range_changed,method_signature_changed,variables_renamed,is_defective,added_functions,removed_functions,added_classes,removed_classes,added_variables,removed_variables,added_method_calls,removed_method_calls
9,0,15,7,1,1,1,0,True,0,0,0,0,0,9,1,3
138,1,0,0,1,1,1,0,True,0,0,0,0,1,0,0,0
37,1,1,2,0,0,0,0,True,0,0,0,0,0,1,0,1
29,29,0,0,0,0,0,0,True,3,0,0,0,3,0,6,0
16,25,0,3,1,1,1,0,True,1,0,0,0,2,0,3,0
4,9,0,0,1,1,1,0,True,1,0,0,0,1,0,1,0
173,0,1,0,1,1,1,0,False,0,0,0,0,0,0,0,0
203,5,0,0,1,1,1,0,True,0,0,0,0,0,0,0,0
23,37,0,0,1,0,1,0,True,2,0,0,0,2,0,2,0
52,1,0,0,1,1,1,0,True,0,0,0,0,0,0,0,0
3,3,0,0,0,0,0,0,True,0,0,0,0,0,0,0,0
16,16,0,0,0,0,0,0,True,3,0,0,0,0,0,1,0
10,10,0,0,0,0,0,0,True,0,0,0,0,0,0,1,0
153,153,0,0,0,0,0,0,True,0,0,0,0,25,0,0,0
17,17,0,0,0,0,0,0,True,0,0,0,0,1,0,1,0
28,28,0,0,0,0,0,0,True,0,0,0,0,1,0,1,0
14,14,0,0,0,0,0,0,True,1,0,0,0,1,0,3,0
3,3,0,0,0,0,0,0,True,0,0,0,0,0,0,0,0
70,1,0,2,1,1,1,0,True,0,0,0,0,0,0,0,0
68,34,1,22,1,0,1,0,True,2,0,0,0,3,0,2,2
36,26,0,1,0,0,1,0,True,0,0,1,0,7,0,1,0
92,0,0,1,0,0,0,0,True,0,0,0,0,0,0,0,0
22,0,1,0,1,0,1,0,False,0,0,0,0,0,0,0,0
19,73,71,56,1,0,1,0,True,2,4,0,0,9,14,2,4
521,13,0,0,1,1,1,0,True,0,0,0,0,0,0,0,0
127,19,0,0,1,1,1,0,True,1,0,0,0,1,0,0,0
135,0,0,1,0,0,0,0,True,0,0,0,0,0,0,0,0
268,0,0,1,0,0,0,0,True,0,0,0,0,0,0,0,0
92,0,300,2,1,1,1,0,True,0,26,0,3,0,37,0,13
490,0,0,1,0,0,0,0,True,0,0,0,0,0,0,0,0
318,318,0,0,0,0,0,0,True,35,0,4,0,42,0,37,0
365,13,0,11,1,1,1,0,True,0,0,0,0,0,0,1,0
62,0,0,3,0,0,0,0,True,0,0,0,0,0,0,0,0
76,0,1,1,1,1,1,0,True,0,0,0,0,0,0,0,0
315,1,2,1,1,0,1,0,True,0,0,0,0,0,0,0,1
62,11,0,0,1,0,1,0,True,1,0,0,0,0,0,0,0
329,1,0,1,1,0,1,0,True,0,0,0,0,1,0,0,0
126,2,0,2,1,1,1,0,True,0,0,0,0,0,0,0,0
303,27,0,1,1,0,1,0,True,2,0,0,0,1,0,2,0
368,3,0,0,1,1,1,0,True,1,0,0,0,0,0,0,0
130,9,0,3,1,0,1,0,True,1,0,0,0,2,0,0,0
359,4,0,2,1,1,1,0,True,0,0,0,0,2,0,0,0
573,10,0,0,1,0,1,0,True,0,0,0,0,1,0,0,0
112,7,0,2,1,0,1,0,True,1,0,0,0,1,0,0,0
145,0,0,1,0,0,0,0,True,0,0,0,0,0,0,0,0
15,3,0,0,1,0,1,0,True,0,0,0,0,0,0,0,0
58,7,0,3,1,0,1,0,True,0,0,2,1,1,0,0,0
238,0,0,2,0,0,0,0,True,0,0,0,0,0,0,0,0
186,1,0,1,1,1,1,0,True,0,0,0,0,0,0,1,1
54,1,1,2,0,0,0,0,True,0,0,0,0,0,0,2,2
135,1,1,2,0,0,0,0,True,0,0,0,0,0,0,2,2
53,3,0,4,0,0,0,0,True,0,0,0,0,4,0,0,0
724,28,0,15,1,1,1,0,True,0,0,0,0,0,0,0,0
368,0,0,2,0,0,0,0,True,0,0,0,0,0,0,0,0
119,4,1,4,1,0,1,0,True,0,0,0,0,2,0,0,0
9,3,11,6,1,0,1,0,True,0,0,0,0,1,0,1,2
18,2,22,6,1,0,1,0,True,1,1,0,1,0,0,1,2
9,10,11,4,1,0,1,0,True,0,0,0,0,2,0,3,3
67,4,0,0,1,0,0,0,True,0,0,0,0,0,0,0,0
728,0,1,1,1,1,1,0,True,0,0,0,0,0,0,0,0
245,38,65,72,1,0,1,0,True,19,0,0,0,0,0,0,0
550,2,0,0,1,1,1,0,True,0,0,0,0,1,0,0,0
115,0,0,1,0,0,1,0,True,0,0,0,0,0,0,0,0
55,0,0,1,0,0,1,0,True,0,0,0,0,0,0,0,0
509,3,0,3,1,1,1,0,True,1,0,0,0,0,0,0,0
99,0,0,1,0,0,1,0,True,0,0,0,0,0,0,0,0
49,0,0,1,0,0,1,0,True,0,0,0,0,0,0,0,0
88,0,0,1,0,0,1,0,True,0,0,0,0,0,0,0,0
69,0,0,1,0,0,1,0,True,0,0,0,0,0,0,0,0
69,0,0,1,0,0,1,0,True,0,0,0,0,0,0,0,0
195,0,0,1,0,0,1,0,True,0,0,0,0,0,0,0,0
116,12,0,1,1,0,1,0,True,1,0,0,0,0,0,0,0
58,0,0,3,0,0,1,0,True,0,0,0,0,0,0,0,0
336,0,0,1,0,0,1,0,True,0,0,0,0,0,0,0,0
81,0,0,1,0,0,1,0,True,0,0,0,0,0,0,0,0
52,0,0,1,0,0,1,0,True,0,0,0,0,0,0,0,0
94,1,0,0,1,1,1,0,True,0,0,0,0,0,0,0,0
367,2,0,0,1,1,1,0,True,0,0,0,0,1,0,0,0
79,21,2,2,1,0,1,0,True,0,0,0,0,2,0,0,0
517,28,0,0,1,1,1,0,True,7,0,0,0,0,0,0,0
176,2,3,1,1,0,1,0,True,0,0,0,0,0,0,0,0
428,0,0,2,0,0,0,0,True,0,0,0,0,0,0,0,0
329,1,0,4,1,1,1,0,True,0,0,0,0,0,0,0,0
100,18,0,2,1,1,1,0,True,2,0,0,0,0,0,2,0
105,0,1,0,1,0,1,0,False,0,0,0,0,0,1,0,0
358,4,1,4,1,0,1,0,True,0,0,0,0,2,0,2,1
72,111,5,14,1,1,1,0,True,2,1,0,0,18,2,10,1
92,1,0,0,1,0,1,0,True,0,0,0,0,1,0,0,0
224,2,0,1,1,0,1,0,True,0,0,0,0,0,0,0,0
55,18,163,38,1,0,1,0,True,0,3,1,0,3,21,1,8
54,0,0,2,0,0,0,0,True,0,0,0,0,0,0,0,0
92,4,0,3,1,1,1,0,True,0,0,0,0,0,0,0,0
333,0,1,2,1,0,1,0,True,0,0,0,0,0,0,0,0
46,0,0,1,0,0,0,0,True,0,0,0,0,0,0,0,0
26,1,0,0,1,0,1,0,True,0,0,0,0,0,0,0,0
95,4,0,0,1,1,1,0,True,0,0,0,0,0,0,0,0
211,211,0,0,0,0,0,0,True,7,0,1,0,27,0,8,0
76,1,0,0,1,1,1,0,True,0,0,0,0,0,0,0,0
300,3,0,0,1,1,1,0,True,0,0,0,0,1,0,0,0
36,0,1,1,1,1,1,0,True,0,0,0,0,0,0,0,0
151,4,0,3,1,1,1,0,True,0,0,0,0,1,0,1,0
57,57,0,0,0,0,0,0,True,4,0,1,0,2,0,1,0
22,3,2,3,1,0,1,0,True,0,0,0,0,1,1,0,0
43,43,0,0,0,0,0,0,True,6,0,0,0,3,0,5,0
271,0,1,2,1,1,1,0,True,0,0,0,0,0,0,0,0
6,2,69,1,0,0,1,0,True,0,7,0,1,0,2,1,3
255,0,0,1,0,0,0,0,True,0,0,0,0,0,0,0,0
10,0,3,1,0,0,1,0,True,0,1,0,0,1,0,0,0
22,0,1,0,1,0,1,0,False,0,0,0,0,0,1,0,0
8,0,12,1,1,1,1,0,True,0,1,0,0,0,2,0,4
77,0,0,2,0,0,0,0,True,0,0,0,0,0,0,0,0
79,2,7,1,1,1,1,0,True,0,0,0,0,0,0,1,0
64,1,9,0,1,1,1,0,True,0,0,0,0,0,2,0,1
302,0,0,1,0,0,0,0,True,0,0,0,0,0,0,0,0
384,384,0,0,0,0,0,0,True,16,0,1,0,70,0,48,0
178,0,0,1,0,0,0,0,True,0,0,0,0,0,0,0,0
608,0,0,2,0,0,0,0,True,0,0,0,0,0,0,0,0
4,2,379,1,1,0,1,0,True,0,15,0,1,0,54,0,37
469,0,0,1,0,0,0,0,True,0,0,0,0,0,0,0,0
305,0,0,3,0,0,0,0,True,0,0,0,0,0,0,0,0
129,1,0,0,1,0,1,0,True,0,0,0,0,0,0,0,0
316,1,0,0,1,1,1,0,True,0,0,0,0,0,0,1,0
44,44,0,0,0,0,0,0,True,5,0,0,0,1,0,6,0
137,3,1,6,1,1,1,0,True,0,0,0,0,0,0,0,0
199,5,0,6,1,1,1,0,True,0,0,0,0,0,0,0,0
475,1,10,7,1,1,1,0,True,0,0,0,0,0,1,0,1
97,1,0,3,0,0,1,0,True,0,0,0,0,1,0,0,0
725,11,2,6,1,1,1,0,True,0,0,0,0,0,1,1,0
552,9,0,0,1,0,1,0,True,0,0,0,0,1,0,0,0
355,3,0,0,1,1,1,0,True,0,0,0,0,0,0,0,0
471,21,0,0,1,1,1,0,True,2,0,0,0,0,0,1,0
92,6,0,0,1,1,1,0,True,1,0,0,0,0,0,0,0
85,0,4,0,1,1,1,0,True,0,0,0,0,0,0,0,0
9,0,7,3,1,0,0,0,True,0,0,0,0,0,0,0,1
1,85,0,0,1,0,1,0,True,5,0,0,0,11,0,7,0
105,12,0,0,1,1,1,0,True,1,0,0,0,0,0,0,0
425,0,0,1,0,0,0,0,True,0,0,0,0,0,0,0,0
155,0,0,2,0,0,0,0,True,0,0,0,0,0,0,0,0
361,1,1,1,0,0,0,0,True,0,0,0,0,1,0,0,0
191,6,0,0,1,1,1,0,True,0,0,0,0,0,0,0,0
42,7,0,0,1,0,1,0,True,1,0,0,0,0,0,2,0
166,0,0,1,0,0,0,0,True,0,0,0,0,0,0,0,0
107,11,1,3,1,1,1,0,True,2,0,0,0,1,0,3,0
61,14,240,37,1,1,1,0,True,5,10,1,0,3,13,3,4
213,213,0,0,0,0,0,0,True,24,0,5,0,19,0,16,0
11,10,1,9,1,0,1,0,True,1,0,0,0,0,6,0,1
57,7,3,4,1,1,1,0,True,1,0,0,0,0,3,1,1
72,0,0,1,0,0,0,0,True,0,0,0,0,0,0,0,0
20,43,8,17,1,1,1,0,True,3,0,0,0,0,22,0,1
521,0,0,6,0,0,0,0,True,0,0,0,0,0,0,0,0
694,0,0,5,0,0,0,0,True,0,0,0,0,0,0,0,0
23,0,0,1,0,0,0,0,True,0,0,0,0,0,0,0,0
162,0,0,3,0,0,0,0,True,0,0,0,0,0,0,0,0
104,1,1,1,0,0,0,0,True,0,0,0,0,0,0,0,0
374,0,0,5,0,0,0,0,True,0,0,0,0,0,0,0,0
347,0,0,1,0,0,0,0,True,0,0,0,0,0,0,0,0
507,0,0,1,0,0,0,0,True,0,0,0,0,0,0,0,0
204,0,0,1,0,0,0,0,True,0,0,0,0,0,0,0,0
317,0,0,1,0,0,0,0,True,0,0,0,0,0,0,0,0
278,0,0,2,0,0,1,0,True,0,0,0,0,0,0,0,0
425,2,0,2,1,0,1,0,True,0,0,0,0,0,0,0,0
293,21,0,2,1,0,1,0,True,1,0,0,0,1,0,0,0
290,7,1,8,1,0,1,0,True,1,0,0,0,1,1,0,0
305,0,0,6,0,0,0,0,True,0,0,0,0,0,0,1,1
204,0,0,4,0,0,0,0,True,0,0,0,0,0,0,0,0
75,1,0,2,0,0,0,0,True,0,0,1,1,1,0,0,0
310,0,0,2,0,0,0,0,True,0,0,0,0,0,0,0,0
565,0,0,0,0,0,0,0,True,0,0,0,0,0,0,0,0
1,0,0,2,0,0,0,0,True,0,0,0,0,0,0,0,0
165,1,0,0,1,1,1,0,True,0,0,0,0,0,0,0,0
342,22,0,1,1,1,1,0,True,0,0,0,0,1,0,0,0
76,3,0,1,0,0,0,0,True,0,0,0,0,0,0,0,0
129,46,12,7,1,1,1,0,True,1,3,0,0,1,4,0,2
169,0,26,17,1,1,1,0,True,0,0,0,0,0,0,0,0
7,1,3,2,1,0,1,0,True,0,0,0,0,0,1,0,0
150,63,0,0,1,0,1,0,True,5,0,1,0,1,0,0,0
26,1,1,7,1,0,1,0,True,0,0,0,0,1,1,0,0
479,1,0,1,1,1,1,0,True,0,0,0,0,0,0,1,0
55,17,1,1,1,1,1,0,True,1,0,0,0,0,0,3,0
135,0,1,1,1,1,1,0,True,0,0,0,0,0,0,0,0
62,1,0,0,1,1,1,0,True,0,0,0,0,0,0,0,0
8,0,1,3,0,0,0,0,True,0,0,0,0,0,0,0,0
28,5,2,2,1,0,1,0,True,0,0,0,0,0,3,0,0
210,2,0,2,1,1,1,0,True,0,0,0,0,0,0,0,0
23,95,2,10,1,1,1,0,True,6,1,3,0,13,1,8,1
271,5,0,2,1,1,1,0,True,1,0,0,0,0,0,1,0
84,0,0,1,0,0,0,0,True,0,0,0,0,0,0,0,0
71,0,0,1,0,0,0,0,True,0,0,0,0,0,0,0,0
296,296,0,0,0,0,0,0,True,40,0,5,0,23,0,45,0
340,0,0,2,0,0,0,0,True,0,0,0,0,0,0,0,0
4,0,0,2,0,0,0,0,True,0,0,0,0,0,0,0,0
1,1,36,1,1,0,1,1,True,0,2,0,1,0,3,0,4
12,0,141,12,1,0,1,0,True,0,9,1,3,0,7,1,13
70,0,0,2,0,0,0,0,True,0,0,0,0,0,0,0,0
41,9,0,0,0,0,1,0,True,1,0,0,0,1,0,1,0
283,0,0,2,0,0,0,0,True,0,0,0,0,0,0,0,1
229,0,0,2,0,0,0,0,True,0,0,0,0,0,0,0,1
153,1,1,2,0,0,0,0,True,0,0,0,0,0,0,0,2
94,0,0,2,0,0,0,0,True,0,0,0,0,0,0,0,1
151,0,0,4,0,0,0,0,True,0,0,0,0,0,0,0,0
97,0,0,3,0,0,0,0,True,0,0,0,0,0,0,0,0
115,0,0,3,0,0,0,0,True,0,0,0,0,0,0,0,1
113,0,0,3,0,0,0,0,True,0,0,0,0,0,0,0,0
124,4,4,17,0,0,0,0,True,0,0,0,0,0,0,0,1
404,0,0,9,0,0,0,0,True,0,0,0,0,0,0,0,1
727,0,0,2,0,0,0,0,True,0,0,0,0,0,0,0,0
341,1,1,5,0,0,0,0,True,0,0,0,0,0,0,0,0
76,3,0,0,1,1,1,0,True,0,0,0,0,0,0,0,0
131,0,0,1,0,0,0,0,True,0,0,0,0,0,0,0,0
199,0,1,1,1,1,1,0,True,0,0,0,0,0,0,0,0
349,2,1,0,1,1,1,0,True,1,0,0,0,0,0,0,0
73,48,13,30,1,1,1,0,True,5,0,1,0,0,3,2,1
330,0,2,0,1,1,1,0,False,0,0,0,0,0,0,0,0
303,2,1,1,1,1,1,0,True,1,0,0,0,0,0,1,0
508,102,0,1,1,1,1,0,True,0,0,0,0,0,0,0,0
77,0,0,3,0,0,0,0,True,0,0,0,0,1,0,0,0
407,3,0,1,1,1,1,0,True,0,0,0,0,1,0,0,0
47,28,0,1,1,0,1,0,True,2,0,0,0,1,0,1,0
364,0,0,0,0,0,0,0,True,0,0,0,0,0,0,0,0
72,0,0,1,0,0,0,0,True,0,0,0,0,0,0,0,1
154,1,0,0,1,1,1,0,True,0,0,0,0,1,0,0,0
29,3,148,24,1,1,1,0,True,5,11,0,0,0,16,1,14
48,138,32,4,1,1,1,0,True,14,0,6,0,8,0,9,0
28,3,0,0,0,0,1,0,True,1,0,0,0,0,0,0,0
140,6,1,3,1,1,1,0,True,0,0,0,0,1,0,1,0
457,6,14,8,1,1,1,0,True,0,0,0,0,0,2,0,1
18,3,0,0,1,0,1,0,True,0,0,0,0,0,0,1,0
158,0,0,1,0,0,0,0,True,0,0,0,0,0,0,0,0
219,1,4,2,1,0,1,0,True,0,0,0,0,1,0,1,0
392,8,1,9,1,1,1,0,True,0,0,0,0,0,0,0,0
38,7,3,4,1,0,1,0,True,0,0,0,0,0,0,0,0
263,4,0,4,1,0,1,0,True,0,0,0,0,0,0,0,0
600,0,0,2,0,0,0,0,True,0,0,0,0,0,0,1,0
706,3,0,2,1,1,1,0,True,0,0,0,0,0,0,0,0
363,9,7,4,1,1,1,0,True,0,0,0,0,0,0,1,0
66,25,0,0,1,1,1,0,True,4,0,0,0,0,0,0,0
340,2,0,2,1,0,1,0,True,0,0,0,0,0,0,0,0
559,1,0,2,1,0,1,0,True,0,0,0,0,0,0,0,0
390,4,0,0,1,1,1,0,True,0,0,0,0,1,0,0,0
315,4,1,3,1,1,1,0,True,0,0,0,0,1,0,0,0
771,11,2,7,1,1,1,0,True,0,0,0,0,1,0,0,0
41,1,0,1,0,0,1,0,True,0,0,0,0,0,0,0,0
396,5,0,0,1,0,1,0,True,1,0,0,0,0,0,0,0
142,7,4,17,1,0,1,0,True,1,0,0,0,1,0,1,0
433,2,0,1,1,0,1,0,True,0,0,0,0,0,0,0,0
465,8,0,2,1,1,1,0,True,1,0,0,0,0,0,1,0
675,1,15,3,1,1,1,0,True,0,0,0,0,0,0,0,0
88,0,0,1,0,0,0,0,True,0,0,0,0,0,0,0,0
484,8,1,4,1,0,1,0,True,0,0,0,0,0,0,0,0
327,0,0,2,0,0,0,0,True,0,0,0,0,0,0,0,0
137,35,2,32,1,0,1,0,True,0,0,0,0,1,0,0,0
25,1,0,0,1,0,1,0,True,0,0,0,0,0,0,0,0
119,119,0,0,0,0,0,0,True,7,0,1,0,20,0,6,0
33,0,0,2,1,1,1,0,True,0,0,0,0,0,0,0,0
78,2,0,2,1,0,1,0,True,0,0,0,0,0,0,0,0
73,1,0,1,1,0,1,0,True,0,0,0,0,0,0,0,0
74,4,0,0,1,1,1,0,True,0,0,0,0,0,0,1,0
21,2,0,2,0,0,1,0,True,0,0,0,0,0,0,0,0
184,0,80,0,1,1,1,0,False,0,6,0,1,0,3,0,2
16,1,0,1,1,0,1,0,True,0,0,0,0,0,0,0,0
473,0,0,1,0,0,0,0,True,0,0,0,0,0,0,0,0
95,6,0,1,1,0,1,0,True,2,0,0,0,0,0,0,0
36,0,0,2,0,0,0,0,True,0,0,0,0,0,0,0,0
13,7,0,1,1,0,1,0,True,0,0,0,0,1,0,0,0
37,2,9,23,1,1,1,0,True,1,0,0,0,1,2,0,0
334,14,0,0,1,1,1,0,True,1,0,0,0,1,0,0,0
156,3,0,0,1,0,1,0,True,0,0,0,0,0,0,0,0
61,21,0,0,1,1,1,0,True,2,0,0,0,3,0,2,0
46,2,0,1,1,0,1,0,True,0,0,0,0,0,0,0,0
63,1,0,1,0,0,1,0,True,0,0,0,0,0,0,0,0
132,3,0,0,1,1,1,0,True,0,0,0,0,0,0,0,0
124,4,0,1,1,1,1,0,True,0,0,0,0,0,0,0,0
71,3,0,1,1,0,1,0,True,0,0,0,0,0,0,0,0
131,1,0,1,1,1,1,0,True,0,0,0,0,0,0,0,0
24,1,0,1,0,1,1,0,True,0,0,0,0,0,0,0,0
123,1,0,1,0,1,1,0,True,0,0,0,0,0,0,0,0
199,1,0,1,0,0,1,0,True,0,0,0,0,0,0,0,0
42,2,0,1,1,0,1,0,True,0,0,0,0,0,0,0,0
21,2,0,1,0,0,1,0,True,0,0,0,0,0,0,0,0
88,2,0,1,1,1,1,0,True,0,0,0,0,0,0,0,0
67,2,0,1,1,1,1,0,True,0,0,0,0,0,0,0,0
198,2,0,1,1,0,1,0,True,0,0,0,0,0,0,0,0
53,3,0,2,1,0,1,0,True,0,0,0,0,0,0,0,0
68,1,0,1,1,1,1,0,True,0,0,0,0,0,0,0,0
446,1,0,1,1,1,1,0,True,1,0,0,0,0,1,0,0
180,1,0,1,1,0,1,0,True,1,0,0,0,0,0,0,0
8,0,6,0,1,1,1,0,True,0,1,0,0,0,0,0,1
181,0,1,0,1,0,0,0,True,0,0,0,0,0,0,0,0
355,1,0,1,1,1,1,0,True,1,0,0,0,0,0,0,0
87,0,3,2,0,0,1,0,True,0,0,0,0,0,0,0,0
116,0,2,0,1,1,1,0,True,0,0,0,0,0,0,0,0
173,0,1,0,1,1,1,0,True,0,0,0,0,0,0,0,0
180,90,0,46,1,1,1,0,True,46,0,0,0,0,46,0,0
93,3,0,1,1,0,1,0,True,1,0,0,0,0,1,0,0
388,3,0,3,1,0,1,0,True,0,0,0,0,0,0,0,0
614,5,0,2,1,1,1,0,True,0,0,0,0,1,0,0,0
82,1,0,1,1,0,1,0,True,0,0,0,0,0,0,1,0
151,64,0,1,1,1,1,0,True,11,0,0,0,1,0,2,0
525,0,0,1,0,0,0,0,True,0,0,0,0,0,0,0,0
40,40,0,0,0,0,0,0,True,5,0,1,0,3,0,0,0
5,2,416,5,1,1,1,0,True,0,29,0,3,0,20,0,32
230,230,0,0,0,0,0,0,True,13,0,1,0,14,0,21,0
59,59,0,0,0,0,0,0,True,3,0,0,0,4,0,4,0
136,136,0,0,0,0,0,0,True,10,0,1,0,11,0,15,0
376,11,0,0,1,1,1,0,True,0,0,0,0,1,0,0,0
161,19,0,2,1,1,1,0,True,2,0,0,0,2,0,0,0
281,3,0,5,1,0,1,0,True,0,0,0,0,1,0,0,0
85,0,2,4,1,1,1,0,True,0,0,0,0,0,0,1,1
568,3,2,1,1,1,1,0,True,0,0,0,0,0,0,0,0
327,5,1,1,1,1,1,0,True,1,0,0,0,0,1,0,0
567,2,0,0,1,1,1,0,True,0,0,0,0,0,0,0,0
55,26,2,11,1,1,1,0,True,0,0,0,0,5,1,1,0
193,3,7,4,1,0,1,0,True,0,0,0,0,0,1,0,0
312,0,0,2,0,0,0,0,True,0,0,0,0,0,0,0,0
503,12,0,1,1,0,1,0,True,0,0,0,0,3,0,0,0
454,9,0,6,1,1,1,0,True,0,0,0,0,0,0,0,0
431,2,0,1,1,1,1,0,True,0,0,0,0,0,0,0,0
311,2,0,3,1,0,1,0,True,0,0,0,0,0,0,0,0
17,0,0,2,0,0,0,0,True,0,0,0,0,0,0,0,0
33,0,3,0,0,0,0,0,True,0,0,0,0,0,0,0,0
140,0,0,1,0,0,0,0,True,0,0,0,0,0,0,0,1
728,1,0,0,1,1,1,0,True,0,0,0,0,0,0,0,0
111,5,0,1,1,1,1,0,True,1,0,0,0,0,0,1,0
27,67,0,0,1,1,1,0,True,4,0,0,0,4,0,6,0
24,0,3,1,1,0,1,0,True,0,1,0,0,0,0,0,0
349,0,4,4,1,1,1,0,True,0,0,0,0,0,0,1,0
15,0,11,0,1,1,1,0,False,0,0,0,0,0,3,0,1
10,0,14,0,1,0,1,0,False,0,0,0,0,0,2,0,1
99,0,33,0,1,1,1,0,False,0,2,0,0,0,1,0,2
72,0,15,0,1,0,1,0,False,0,0,0,0,0,1,0,1
21,1,55,11,1,0,1,0,True,1,4,0,1,0,2,0,6
312,0,0,2,0,0,0,0,True,0,0,0,0,0,0,0,0
346,0,0,0,0,0,0,0,True,0,0,0,0,0,0,0,0
650,3,0,3,1,1,1,0,True,0,0,0,0,0,0,0,0
152,1,0,2,1,0,1,0,True,0,0,0,0,0,0,0,0
17,17,73,30,1,1,1,0,True,5,2,0,1,1,12,1,0
435,0,0,16,0,0,0,0,True,0,0,0,0,0,0,0,0
18,0,0,2,0,0,0,0,True,0,0,0,0,0,0,0,0
89,49,0,0,1,1,1,0,True,7,0,1,0,0,0,2,0
197,69,3,4,1,0,1,0,True,2,0,0,0,1,0,0,0
65,1,0,0,1,1,1,0,True,0,0,0,0,0,0,0,0
587,5,0,2,1,1,1,0,True,1,0,0,0,1,0,0,0
98,0,0,3,0,0,0,0,True,0,0,0,0,0,0,0,0
315,8,9,8,1,1,1,0,True,1,0,0,0,1,0,0,0
791,31,12,24,1,1,1,0,True,3,1,0,0,2,0,3,1
91,13,0,1,1,1,1,0,True,1,0,0,0,0,0,2,0
204,8,0,0,1,1,1,0,True,1,0,0,0,0,0,2,0
57,0,0,1,0,0,0,0,True,0,0,0,0,0,0,0,0
521,1,0,5,1,0,1,0,True,0,0,0,0,0,0,0,0
194,1,2,0,1,1,1,0,True,0,0,0,0,0,0,0,0
416,1,1,1,0,0,0,0,True,0,0,0,0,0,0,0,0
425,0,0,2,0,0,0,0,True,0,0,0,0,0,0,0,0
48,0,0,1,0,0,0,0,True,0,0,0,0,0,0,0,0
87,0,0,1,0,0,0,0,True,0,0,0,0,0,0,0,0
694,0,0,1,0,0,0,0,True,0,0,0,0,0,0,0,0
255,1,2,0,1,1,1,0,True,0,0,0,0,0,0,0,0
429,0,0,3,0,0,0,0,True,0,0,0,0,0,0,0,0
374,0,0,1,0,0,0,0,True,0,0,0,0,0,0,0,0
479,0,0,1,0,0,0,0,True,0,0,0,0,0,0,0,0
347,0,0,2,0,0,0,0,True,0,0,0,0,0,0,0,0
507,0,2,2,1,1,1,0,True,0,0,0,0,0,0,0,0
99,0,0,2,0,0,0,0,True,0,0,0,0,0,0,0,0
99,0,0,4,0,0,0,0,True,0,0,0,0,0,0,0,0
39,0,0,1,0,0,0,0,True,0,0,0,0,0,0,0,0
114,0,0,1,0,0,0,0,True,0,0,0,0,0,0,0,0
204,0,0,6,0,0,0,0,True,0,0,0,0,0,0,0,0
303,0,0,2,0,0,0,0,True,0,0,0,0,0,0,0,0
329,2,0,0,1,0,1,0,True,0,0,0,0,0,0,0,0
32,8,0,0,1,0,1,0,True,1,0,0,0,0,0,0,0
471,0,0,3,0,0,0,0,True,0,0,0,0,0,0,0,0
87,36,0,0,1,1,1,0,True,2,0,0,0,2,0,0,0
387,5,0,1,1,1,1,0,True,0,0,0,0,0,0,0,0
182,5,0,0,1,1,1,0,True,1,0,0,0,0,0,0,0
53,37,0,0,1,1,1,0,True,0,0,0,0,4,0,3,0
820,7,0,2,1,1,1,0,True,0,0,0,0,0,0,0,0
209,7,0,0,1,1,1,0,True,1,0,0,0,0,0,0,0
327,3,0,0,1,0,1,0,True,0,0,0,0,1,0,0,0
528,0,2,4,1,0,1,0,True,0,0,0,0,0,0,0,0
642,29,29,19,1,1,1,0,True,0,1,0,0,1,1,0,1
1,16,0,0,0,0,0,0,True,0,0,0,0,0,0,0,0
189,0,2,2,1,0,1,0,True,0,0,0,0,0,0,0,0
544,6,8,10,1,1,1,0,True,0,0,0,0,0,1,0,0
13,1,3,0,1,0,1,0,True,0,0,0,0,0,0,0,0
3,0,0,2,0,0,0,0,True,0,0,0,0,0,0,0,0
179,3,0,1,1,0,1,0,True,0,0,0,0,1,0,0,0
490,0,0,2,0,0,0,0,True,0,0,0,0,0,0,0,0
282,2,0,1,1,0,1,0,True,0,0,0,0,0,0,0,0
27,5,0,2,1,0,1,0,True,1,0,0,0,1,1,1,0
764,4,0,0,1,1,1,0,True,0,0,0,0,0,0,0,0
114,5,0,0,0,0,1,0,True,1,0,0,0,0,0,0,0
598,2,0,2,1,0,1,0,True,0,0,0,0,0,0,0,0
85,1,0,0,1,1,1,0,True,0,0,0,0,0,0,0,0
27,1,0,2,1,0,1,0,True,0,0,0,0,1,0,0,0
12,0,0,1,0,0,0,0,True,0,0,0,0,0,0,0,0
49,0,0,2,0,0,1,0,True,0,0,0,0,0,0,0,0
9,40,0,0,0,0,0,0,True,0,0,0,0,3,0,0,0
42,18,0,3,1,1,1,0,True,1,0,3,1,1,0,0,1
367,3,0,3,1,1,1,0,True,0,0,0,0,0,0,0,0
25,1,0,0,1,0,1,0,True,0,0,0,0,0,0,0,0
116,116,0,0,0,0,0,0,True,6,0,1,0,14,0,4,0
99,0,0,1,0,0,0,0,True,0,0,0,0,0,0,0,0
194,0,0,1,0,0,0,0,True,0,0,0,0,0,0,0,0
196,196,0,0,0,0,0,0,True,13,0,1,0,21,0,23,0
5,1,0,1,1,0,1,0,True,0,0,0,0,0,0,0,0
93,0,0,1,0,0,0,0,True,0,0,0,0,0,0,0,0
294,0,0,3,0,0,0,0,True,0,0,0,0,0,0,0,0
18,3,337,2,0,0,0,0,True,0,0,0,0,0,0,0,0
201,201,0,0,0,0,0,0,True,23,0,4,0,11,0,14,0
146,0,178,1,1,1,1,0,True,0,11,0,4,0,7,0,8
332,12,0,0,1,1,1,0,True,0,0,0,0,0,0,0,0
26,1,0,0,1,0,1,0,True,0,0,0,0,0,0,0,0
94,1,0,0,1,1,1,0,True,0,0,0,0,0,0,0,0
100,1,29,5,1,1,1,0,True,0,1,0,0,1,1,0,3
162,2,0,1,1,1,1,0,True,0,0,0,0,1,0,1,0
577,7,8,5,1,1,1,0,True,0,0,0,0,0,0,0,0
6,4,0,0,1,0,1,0,True,0,0,0,0,0,0,0,0
205,1,0,0,1,0,0,0,True,0,0,0,0,1,0,0,0
416,2,0,5,1,1,1,0,True,0,0,0,0,1,0,0,0
41,3,0,2,0,0,1,0,True,0,0,0,0,0,0,0,0
321,1,0,0,1,0,1,0,True,0,0,0,0,0,0,0,0
362,4,0,0,1,1,1,0,True,0,0,0,0,0,0,1,0
485,0,0,3,0,0,0,0,True,0,0,0,0,0,0,0,0
130,12,0,2,1,1,1,0,True,2,0,0,0,0,0,0,0
430,5,0,3,1,0,1,0,True,0,0,1,0,0,0,0,0
5,2,0,0,1,0,1,0,True,0,0,0,0,0,0,1,0
89,0,0,1,0,0,0,0,True,0,0,0,0,0,0,0,0
210,3,0,0,1,1,1,0,True,0,0,0,0,1,0,0,0
96,2,0,0,1,1,1,0,True,0,0,0,0,0,0,0,0
113,2,0,0,1,1,1,0,True,0,0,0,0,0,0,0,0
128,128,0,0,0,0,0,0,True,23,0,3,0,4,0,7,0
175,31,6,15,1,1,1,0,True,1,0,0,0,10,1,2,1
65,17,82,86,1,1,1,0,True,8,2,0,3,19,15,2,3
374,9,2,6,1,1,1,0,True,0,0,0,0,1,0,0,0
352,0,0,1,0,0,0,0,True,0,0,0,0,0,0,0,0
322,0,0,1,0,0,0,0,True,0,0,0,0,0,0,0,0
162,0,0,2,0,0,0,0,True,0,0,0,0,0,0,0,0
194,0,1,0,1,1,1,0,False,0,0,0,0,0,0,0,0
75,7,0,4,1,0,1,0,True,0,0,0,0,0,0,0,0
42,0,0,1,0,0,0,0,True,0,0,0,0,0,0,0,0
15,6,3,2,1,0,1,0,True,0,0,0,0,0,2,0,0
119,3,1,9,0,0,1,0,True,0,0,0,0,0,0,0,0
183,59,75,39,1,1,1,0,True,5,9,0,0,3,4,6,3
183,136,32,28,1,1,1,0,True,11,6,0,0,6,1,5,0
157,254,1,4,1,1,1,0,True,0,0,0,0,0,0,0,0
510,4,0,1,1,1,1,0,True,0,0,0,0,1,0,0,0
116,17,2,4,1,1,1,0,True,3,0,0,0,1,0,2,0
94,1,0,0,1,1,1,0,True,0,0,0,0,0,0,0,0
371,2,0,1,1,1,1,0,True,1,0,0,0,0,1,0,0
425,0,1,1,1,1,1,0,True,0,0,0,0,0,0,0,0
51,18,0,4,1,0,1,0,True,1,0,0,0,0,0,1,0
127,12,0,0,1,1,1,0,True,0,0,0,0,1,0,0,0
66,7,0,2,1,1,1,0,True,0,0,0,0,1,0,0,0
184,15,3,8,1,1,1,0,True,0,0,0,0,1,0,2,0
16,0,0,2,0,0,0,0,True,0,0,0,0,0,0,1,1
247,8,2,2,1,1,1,0,True,0,0,0,0,0,0,1,1
52,2,0,4,1,0,1,0,True,0,0,0,0,1,1,1,1
37,0,0,2,0,0,0,0,True,0,0,0,0,0,0,1,1
205,0,0,3,0,0,0,0,True,0,0,0,0,0,0,1,1
100,0,0,3,0,0,0,0,True,0,0,1,1,0,0,0,0
45,3,0,6,1,1,1,0,True,0,0,0,0,0,0,1,0
11,1,0,6,0,0,0,0,True,0,0,0,0,0,0,1,0
273,8,0,0,1,1,1,0,True,0,0,0,0,1,0,0,0
533,0,0,3,0,0,0,0,True,0,0,0,0,0,0,0,0
357,3,0,0,1,1,1,0,True,0,0,0,0,0,0,0,0
121,9,0,0,1,0,1,0,True,1,0,0,0,0,0,0,0
804,8,0,3,1,1,1,0,True,0,0,0,0,1,0,0,0
76,5,0,0,1,1,1,0,True,0,0,0,0,0,0,0,0
85,3,0,0,1,1,1,0,True,0,0,0,0,0,0,0,0
75,26,0,6,1,1,1,0,True,0,0,0,0,2,0,1,0
21,38,2,5,1,0,1,0,True,2,0,0,0,5,0,2,0
42,19,30,24,1,0,1,0,True,1,0,0,0,3,9,0,2
100,0,0,1,0,0,0,0,True,0,0,0,0,0,0,0,0
95,1,0,0,1,1,1,0,True,0,0,0,0,0,0,0,0
43,0,1,1,1,0,1,0,True,0,0,0,0,0,0,0,0
317,0,0,2,0,0,0,0,True,0,0,0,0,0,0,0,0
5,5,0,0,0,0,0,0,True,0,0,0,0,2,0,1,0
2,3,2,1,0,0,1,0,True,1,0,0,0,0,0,0,0
477,2,0,0,1,0,1,0,True,0,0,0,0,0,0,0,0
291,3,0,1,1,1,1,0,True,0,0,0,0,0,0,0,0
318,0,0,1,0,0,0,0,True,0,0,0,0,0,0,0,0
105,14,0,0,0,0,1,0,True,2,0,1,0,0,0,1,0
73,1,3,1,1,1,1,0,True,0,0,0,0,0,0,0,0
616,0,0,1,1,0,0,0,True,0,0,0,0,0,0,0,0
635,3,2,4,1,1,1,0,True,0,0,0,0,0,0,0,0
74,23,1,4,1,1,1,0,True,0,0,0,0,0,0,2,0
660,11,6,6,1,1,1,0,True,1,0,0,0,0,0,0,0
570,1,0,3,1,0,1,0,True,0,0,0,0,0,0,0,0
57,4,0,0,1,1,1,0,True,0,0,0,0,1,0,0,0
8,11,1,11,1,0,1,0,True,0,0,0,0,3,1,0,0
13,19,3,7,1,1,1,0,True,1,0,0,0,1,0,3,0
6,13,0,5,0,0,1,0,True,0,0,0,0,1,0,1,0
55,8,2,8,0,0,1,0,True,0,0,0,0,3,1,1,1
7,7,4,3,0,0,1,0,True,1,0,0,0,0,1,1,0
326,0,0,2,0,0,0,0,True,0,0,0,0,0,0,0,0
18,4,0,0,1,1,1,0,True,0,0,0,0,0,0,0,0
53,53,0,0,0,0,0,0,True,1,0,0,0,1,0,1,0
2,0,0,1,0,0,0,0,True,0,0,0,0,0,0,0,0
202,8,0,5,1,0,1,0,True,0,0,0,0,0,0,0,0
167,3,0,6,1,1,1,0,True,0,0,0,0,0,0,0,0
315,6,2,15,1,1,1,0,True,0,0,0,0,1,1,1,0
101,3,0,2,1,0,1,0,True,0,0,0,0,0,0,0,0
109,0,0,1,0,0,0,0,True,0,0,0,0,0,0,0,0
21,2,0,1,1,0,1,0,True,0,0,0,0,0,0,0,0
309,7,0,3,1,0,1,0,True,1,0,0,0,0,0,0,0
77,0,0,1,0,0,0,0,True,0,0,0,0,0,0,0,0
187,0,0,3,0,0,0,0,True,0,0,0,0,0,0,1,0
184,0,0,1,0,0,0,0,True,0,0,0,0,0,0,0,0
362,0,0,1,0,0,0,0,True,0,0,0,0,0,0,0,0
41,0,0,1,0,0,0,0,True,0,0,0,0,0,0,0,0
383,0,0,1,0,0,0,0,True,0,0,0,0,0,0,0,0
43,0,0,1,0,0,0,0,True,0,0,0,0,0,0,0,0
188,2,0,0,1,1,1,0,True,0,0,0,0,1,0,0,0
325,1,0,2,1,0,1,0,True,0,0,0,0,0,0,1,1
275,275,0,0,0,0,0,0,True,13,0,1,0,38,0,22,0
159,0,0,1,0,0,0,0,True,0,0,0,0,0,0,0,0
79,1,0,1,1,1,1,0,True,0,0,0,0,0,0,0,0
304,1,0,13,1,0,1,0,True,0,0,0,0,3,3,1,0
361,0,0,1,0,1,0,0,True,0,0,0,0,0,0,1,0
24,6,0,0,0,0,1,0,True,1,0,0,0,0,0,0,0
62,3,43,4,1,1,1,0,True,0,1,0,0,0,5,2,5
11,3,0,1,1,0,1,0,True,0,0,0,0,1,0,1,0
138,12,0,1,1,0,1,0,True,1,0,1,0,4,0,0,0
148,6,0,2,1,1,1,0,True,2,0,0,0,0,0,0,0
4,56,5,77,1,1,1,0,True,4,0,1,0,4,0,5,0
5,65,0,4,1,1,1,0,True,5,0,0,0,9,0,5,1
6,0,2,1,1,0,1,0,True,0,0,0,0,0,1,0,1
6,2,2,2,0,0,1,0,True,0,0,0,0,2,1,0,1
19,14,8,10,1,0,1,0,True,5,2,1,0,2,4,1,6
28,0,0,3,0,0,0,0,True,0,0,0,0,0,0,1,0
228,0,0,7,1,0,1,0,True,0,0,0,0,0,0,0,0
247,0,0,1,0,0,0,0,True,0,0,0,0,0,0,0,0
154,6,21,19,1,1,1,0,True,2,2,0,0,2,3,2,1
232,0,1,1,1,1,1,0,True,0,0,0,0,0,0,0,0
82,0,0,1,0,0,0,0,True,0,0,0,0,0,0,0,0
21,0,2,1,0,0,1,0,True,0,0,0,0,0,0,0,0
93,93,0,0,0,0,0,0,True,7,0,2,0,5,0,5,0
28,34,0,0,1,0,1,0,True,1,0,0,0,2,0,1,0
196,6,6,7,1,1,1,0,True,0,0,0,0,0,1,1,2
103,13,0,4,1,1,1,0,True,3,1,0,0,1,0,3,1
765,0,0,2,1,0,0,0,True,0,0,0,0,0,0,0,0
22,1,0,0,1,0,1,0,True,0,0,0,0,0,0,0,0
127,127,0,0,0,0,0,0,True,7,0,1,0,28,0,9,0
75,2,0,4,1,1,1,0,True,0,0,0,0,0,0,0,0
245,0,0,19,0,0,0,0,True,0,0,0,0,0,0,2,2
307,0,0,5,0,0,0,0,True,0,0,0,0,0,0,1,1
203,1,1,2,0,0,0,0,True,0,0,0,0,1,1,1,1
321,0,0,3,0,0,0,0,True,0,0,0,0,0,0,1,1
340,2,1,8,1,0,1,0,True,2,2,0,0,2,0,2,2
4,2,0,2,1,0,1,0,True,0,0,0,0,0,0,1,1
50,0,0,2,0,0,0,0,True,0,0,0,0,0,0,1,1
25,2,0,1,0,0,0,0,True,0,0,0,0,0,0,0,0
309,0,0,2,0,0,0,0,True,0,0,0,0,0,0,0,0
64,9,0,0,1,0,1,0,True,1,0,0,0,0,0,1,0
786,17,8,5,1,1,1,0,True,1,1,0,0,2,0,0,0
575,13,0,5,1,1,1,0,True,0,0,0,0,0,0,1,0
484,15,0,0,1,1,1,0,True,1,0,0,0,0,0,0,0
301,7,4,6,1,1,1,0,True,1,0,0,0,1,0,0,0
123,3,0,0,1,1,1,0,True,0,0,0,0,1,0,0,0
30,31,4,17,1,1,1,0,True,9,0,0,0,2,0,6,0
62,1,1,0,0,0,0,0,True,0,0,0,0,0,0,0,0
193,0,12,0,1,0,1,0,True,0,0,0,0,0,0,0,0
115,8,0,3,1,0,1,0,True,1,0,0,0,0,0,0,0
156,0,0,2,0,0,0,0,True,0,0,0,0,0,0,0,0
176,1,1,1,1,1,1,0,True,0,0,0,0,1,0,0,0
74,0,2,1,1,1,1,0,True,0,0,0,0,0,0,0,0
46,0,1,0,1,0,1,0,True,0,0,0,0,0,0,0,0
295,0,0,8,0,0,0,0,True,0,0,0,0,1,1,0,0
3,1,2,1,1,0,1,0,True,1,0,0,0,0,1,0,0
7,7,0,8,1,0,1,0,True,0,0,0,0,0,1,1,2
40,19,0,0,1,1,1,0,True,0,0,0,0,3,0,0,0
63,0,0,3,0,0,0,0,True,0,0,0,0,0,0,0,0
429,14,1,5,1,1,1,0,True,1,0,0,0,3,0,2,0
668,14,0,0,1,1,1,0,True,1,0,0,0,0,0,0,0
117,5,0,0,0,0,1,0,True,1,0,0,0,1,0,0,0
412,0,50,3,1,1,1,0,True,0,1,0,0,0,2,0,3
3,59,0,4,1,0,1,0,True,0,0,0,0,11,0,10,0
435,4,0,1,1,0,1,0,True,1,0,0,0,0,0,0,0
152,5,0,4,1,1,1,0,True,0,0,0,0,1,1,1,0
10,0,0,1,0,0,0,0,True,0,0,0,0,0,0,0,0
204,0,3,4,1,1,1,0,True,0,0,0,0,0,0,0,0
64,0,0,1,0,0,0,0,True,0,0,0,0,0,0,0,0
51,1,1,21,0,0,0,0,True,0,0,0,0,0,0,0,0
65,1,1,16,0,0,0,0,True,0,0,0,0,0,0,0,0
309,0,2,3,1,1,1,0,True,0,0,0,0,0,0,0,0
77,0,0,3,0,0,0,0,True,0,0,0,0,0,0,0,0
33,0,0,2,0,0,0,0,True,0,0,0,0,0,0,0,0
65,0,0,2,0,1,0,0,True,0,0,0,0,0,0,0,0
190,0,0,10,0,0,0,0,True,0,0,0,0,0,0,0,0
39,0,0,1,0,0,0,0,True,0,0,0,0,0,0,0,0
86,0,0,5,0,0,0,0,True,0,0,0,0,0,0,0,0
352,0,1,26,1,1,1,0,True,0,0,0,0,0,0,0,0
43,0,0,2,0,0,0,0,True,0,0,0,0,0,0,0,0
237,2,0,3,1,1,1,0,True,0,0,0,0,0,0,0,0
77,0,0,2,0,0,0,0,True,0,0,0,0,0,0,1,0
93,0,0,2,0,0,0,0,True,0,0,0,0,0,0,0,0
9,17,3,8,1,1,1,0,True,0,0,0,0,4,1,0,0
19,6,2,10,1,1,1,0,True,0,0,0,0,1,0,0,0
43,0,0,6,0,0,0,0,True,0,0,0,0,0,0,0,1
251,0,2,4,0,0,0,0,True,0,0,0,0,0,0,0,0
341,0,1,4,0,0,0,0,True,0,0,0,0,0,0,1,0
56,0,0,6,0,0,0,0,True,0,0,0,0,0,0,0,0
9,0,0,2,0,0,0,0,True,0,0,0,0,0,0,0,0
39,0,0,2,0,0,0,0,True,0,0,0,0,0,0,0,0
40,0,0,3,0,0,0,0,True,0,0,0,0,0,0,0,0
96,0,0,6,0,0,0,0,True,0,0,0,0,0,0,0,0
97,0,0,1,0,0,0,0,True,0,0,0,0,0,0,1,0
52,0,0,2,0,0,0,0,True,0,0,0,0,0,0,0,0
432,1,0,2,1,1,1,0,True,0,0,0,0,0,0,0,0
131,0,0,1,0,0,0,0,True,0,0,0,0,0,0,0,0
3,0,0,1,0,0,0,0,True,0,0,0,0,0,0,0,0
7,0,0,2,0,0,0,0,True,0,0,0,0,0,0,0,0
26,0,0,1,0,0,0,0,True,0,0,0,0,0,0,0,0
13,2,0,2,1,0,1,0,True,0,0,0,0,0,0,0,0
90,0,0,14,0,0,0,0,True,0,0,0,0,0,0,0,0
89,0,0,2,0,0,0,0,True,0,0,0,0,0,0,0,0
581,4,0,0,1,1,1,0,True,0,0,0,0,0,0,0,0
295,0,8,4,1,0,1,0,True,0,0,0,0,1,0,0,0
380,4,0,4,1,0,1,0,True,0,0,0,0,1,0,0,0
87,0,0,1,0,0,0,0,True,0,0,0,0,0,0,0,0
24,3,0,4,1,0,1,0,True,0,0,0,0,0,0,1,0
43,3,0,4,1,0,1,0,True,0,0,0,0,0,0,0,0
519,0,4,0,1,1,1,0,False,0,0,0,0,0,0,0,0
108,6,0,0,1,1,1,0,True,1,0,0,0,0,0,1,0
496,7,0,0,1,1,1,0,True,0,0,0,0,0,0,0,0
6,6,0,0,0,0,0,0,True,0,0,0,0,1,0,0,0
85,3,13,3,1,1,1,0,True,0,1,0,1,1,1,0,2
140,32,0,2,1,1,1,0,True,2,0,1,0,2,0,1,0
774,6,0,1,1,1,1,0,True,0,0,0,0,3,0,0,0
6,6,0,0,0,0,0,0,True,1,0,0,0,0,0,0,0
22,5,0,0,1,0,1,0,True,0,0,0,0,0,0,0,0
167,20,0,0,1,1,1,0,True,2,0,0,0,0,0,1,0
194,8,0,0,1,1,1,0,True,0,0,0,0,0,0,0,0
34,1,0,0,0,0,0,0,True,0,0,0,0,1,0,0,0
43,3,0,4,1,0,1,0,True,0,0,0,0,1,0,1,0
39,8,0,0,0,0,1,0,True,0,0,1,0,0,0,0,0
46,46,0,0,0,0,0,0,True,2,0,0,0,4,0,7,0
241,2,1,2,1,1,1,0,True,0,0,0,0,1,0,0,0
37,10,9,5,1,1,1,0,True,2,0,1,0,0,0,1,0
342,2,0,0,1,0,1,0,True,0,0,0,0,0,0,0,0
378,2,0,0,1,1,1,0,True,0,0,0,0,0,0,0,0
72,6,0,1,1,1,1,0,True,0,0,0,0,0,0,0,0
29,23,50,52,1,1,1,0,True,8,7,0,0,1,5,6,2
26,47,2,21,1,1,1,0,True,6,0,0,0,6,0,1,0
474,10,0,4,1,1,1,0,True,0,0,0,0,4,0,0,1
155,0,5,0,1,1,1,0,False,0,0,0,0,0,1,0,0
6,12,2,7,1,1,1,0,True,0,0,0,0,2,0,2,0
258,1,0,1,1,1,1,0,True,0,0,0,0,0,0,0,0
62,1,0,0,1,1,1,0,True,0,0,0,0,0,0,0,0
395,11,0,2,1,1,1,0,True,0,0,0,0,2,0,1,0
132,0,1,3,1,1,1,0,True,0,0,0,0,0,1,0,0
569,3,1,1,1,1,1,0,True,0,0,0,0,0,0,0,0
351,0,0,3,0,0,0,0,True,0,0,0,0,0,0,0,0
135,3,0,1,1,0,1,0,True,0,0,0,0,0,0,1,0
66,9,21,18,1,0,1,0,True,0,0,3,0,0,0,0,0
570,0,0,1,0,0,0,0,True,0,0,0,0,0,0,0,0
52,5,0,0,1,1,1,0,True,1,0,0,0,0,0,1,0
33,0,6,5,0,0,1,0,True,0,0,0,0,0,2,0,2
301,8,0,3,1,1,1,0,True,1,1,0,0,2,0,1,0
196,2,0,0,1,0,1,0,True,0,0,0,0,0,0,1,0
368,3,2,3,1,0,1,0,True,0,0,0,0,1,1,2,1
29,3,0,1,1,0,1,0,True,0,0,0,0,0,0,0,0
77,5,0,4,0,1,1,0,True,1,0,0,0,0,1,1,0
173,30,1,20,1,1,1,0,True,2,0,1,0,0,0,0,0
299,6,1,3,1,1,1,0,True,1,0,0,0,1,0,1,0
20,24,0,1,1,1,1,0,True,1,0,0,0,4,0,2,0
575,0,0,1,0,0,0,0,True,0,0,0,0,0,0,0,0
149,2,1,3,1,0,1,0,True,0,0,0,0,0,1,0,0
49,52,50,51,1,1,1,0,True,11,3,0,1,3,7,9,8
5,9,0,8,1,0,1,0,True,1,1,0,0,4,0,0,0
429,45,17,62,1,1,1,0,True,1,1,0,0,2,0,0,1
31,10,55,17,1,1,1,0,True,3,3,0,1,0,6,1,3
5,11,0,10,1,0,1,0,True,1,1,0,0,4,0,0,0
21,0,15,42,1,0,1,0,True,1,1,0,0,1,1,0,1
26,1,0,0,1,0,1,0,True,0,0,0,0,0,0,0,0
66,220,0,1,1,1,1,0,True,5,0,0,0,14,0,3,0
10,0,0,2,0,0,0,0,True,0,0,0,0,0,0,0,0
341,0,0,4,0,0,0,0,True,0,0,0,0,0,0,0,0
188,0,109,1,1,1,1,0,True,0,0,0,0,0,0,0,0
257,31,0,0,1,1,1,0,True,3,0,0,0,5,0,1,0
64,2,12,2,1,0,1,0,True,0,1,0,0,1,3,0,1
36,2,11,3,1,1,1,0,True,2,1,0,0,1,3,0,1
185,3,3,5,1,0,1,0,True,1,0,0,0,1,1,0,0
79,0,11,2,1,0,1,0,True,1,1,0,0,0,2,0,0
74,0,11,2,1,0,1,0,True,1,1,0,0,0,2,0,0
41,4,7,3,1,1,1,0,True,1,0,0,0,0,0,2,0
26,1,0,0,1,0,1,0,True,0,0,0,0,0,0,0,0
94,8,0,0,1,1,1,0,True,0,0,0,0,0,0,0,0
82,82,0,0,0,0,0,0,True,6,0,1,0,9,0,4,0
76,1,0,0,1,1,1,0,True,0,0,0,0,0,0,0,0
783,18,2,14,1,1,1,0,True,1,1,1,1,3,1,0,0
485,0,0,1,0,0,0,0,True,0,0,0,0,0,0,0,0
29,0,0,1,0,0,0,0,True,0,0,0,0,0,0,0,0
16,0,1,1,0,0,0,0,True,0,0,0,0,0,0,0,0
327,5,2,6,1,1,1,0,True,1,0,0,0,0,0,0,1
362,1,0,1,1,1,1,0,True,0,0,0,0,0,0,1,0
238,20,0,6,1,1,1,0,True,1,0,0,0,0,0,0,0
486,2,0,0,1,0,1,0,True,0,0,0,0,0,0,0,0
166,2,0,0,1,0,1,0,True,0,0,0,0,0,0,1,0
531,2,0,1,1,1,1,0,True,0,0,0,0,0,0,0,0
58,5,0,0,1,1,1,0,True,0,0,0,0,0,0,0,0
355,1,3,0,1,0,0,0,True,0,0,0,0,0,0,0,0
573,2,0,1,1,1,1,0,True,0,0,0,0,0,0,0,0
500,0,0,2,0,0,1,0,True,0,0,0,0,0,0,0,0
340,1,0,0,1,1,1,0,True,0,0,0,0,1,0,0,0
282,6,0,0,1,0,1,0,True,0,0,0,0,1,0,0,0
553,27,2,4,1,1,1,0,True,0,0,0,0,5,0,3,1
287,4,0,0,1,1,1,0,True,0,0,0,0,2,0,0,0
771,6,0,3,1,1,1,0,True,0,0,0,0,0,0,0,0
572,4,0,1,1,1,1,0,True,0,0,0,0,0,0,0,0
702,4,0,2,1,1,1,0,True,0,0,0,0,0,0,1,0
388,40,6,5,1,1,1,0,True,3,0,0,0,3,0,1,0
113,0,0,1,0,0,0,0,True,0,0,0,0,0,0,0,0
22,0,0,1,0,0,0,0,True,0,0,0,0,0,0,0,0
2,0,0,1,0,0,0,0,True,0,0,0,0,0,0,0,0
38,1,0,0,0,0,0,0,True,0,0,0,0,0,0,0,0
44,1,0,0,1,1,1,0,True,0,0,0,0,0,0,1,0
54,0,2,1,1,1,1,0,True,0,0,0,0,0,0,0,1
11,0,1,1,1,0,1,0,True,0,0,0,0,0,0,0,1
135,0,2,6,1,1,1,0,True,0,0,0,0,0,1,0,1
37,0,1,1,1,1,1,0,True,0,0,0,0,0,0,0,1
363,0,0,3,0,0,0,0,True,0,0,0,0,0,0,0,0
124,0,1,2,1,0,1,0,True,0,0,0,0,0,0,0,1
248,0,0,1,0,0,0,0,True,0,0,0,0,0,0,0,0
181,2,0,6,1,0,1,0,True,0,0,0,0,0,0,0,0
44,2,0,2,1,0,1,0,True,0,0,0,0,1,0,0,0
139,8,1,5,1,1,1,0,True,0,0,0,0,1,0,1,0
49,4,0,4,1,0,1,0,True,0,0,0,0,0,0,0,0
134,2,2,4,1,0,0,0,True,0,0,0,0,0,0,0,0
496,1,0,2,1,1,1,0,True,0,0,0,0,0,0,0,0
96,2,1,1,1,0,1,0,True,0,0,0,0,0,0,0,0
69,1,1,3,0,0,0,0,True,0,0,0,0,0,0,0,0
28,0,0,2,0,0,0,0,True,0,0,0,0,0,0,0,0
583,3,2,1,1,1,1,0,True,0,0,0,0,0,0,0,0
146,10,0,3,1,0,1,0,True,1,0,0,0,2,0,1,0
71,4,6,8,1,1,1,0,True,1,1,0,0,1,0,1,1
276,0,0,1,0,0,0,0,True,0,0,0,0,0,0,0,0
77,33,20,21,1,1,1,0,True,1,0,0,0,10,4,5,1
154,0,2,2,1,1,1,0,True,0,0,0,0,0,1,0,1
62,4,9,18,1,0,1,0,True,0,0,0,0,2,2,0,0
143,0,0,1,0,0,0,0,True,0,0,0,0,0,0,0,0
100,0,1,0,1,0,1,0,False,0,0,0,0,0,0,0,0
212,0,0,1,0,0,0,0,True,0,0,0,0,0,0,0,0
469,0,0,1,0,0,0,0,True,0,0,0,0,0,0,0,0
45,0,4,2,1,1,1,0,True,0,0,0,0,0,1,0,0
85,1,0,2,1,1,1,0,True,0,0,0,0,0,0,0,0
58,1,0,2,1,0,1,0,True,0,0,0,0,0,0,0,0
2,3,0,2,0,0,0,0,True,0,0,0,0,0,0,0,0
1,3,0,2,0,0,0,0,True,0,0,0,0,0,0,0,0
14,0,1,1,1,1,1,0,True,0,0,0,0,0,0,0,0
2,3,0,2,0,0,0,0,True,0,0,0,0,0,0,0,0
51,3,0,5,1,0,1,0,True,0,0,0,0,0,0,0,0
18,1,0,2,1,0,0,0,True,0,0,0,0,0,2,0,0
16,5,1,4,1,0,0,0,True,0,0,0,0,0,0,0,0
83,2,1,2,1,0,1,0,True,0,0,0,0,0,0,0,0
328,14,7,13,1,1,1,0,True,0,0,0,0,3,1,2,1
61,7,23,9,1,1,1,0,True,1,0,0,0,1,4,0,1
67,0,0,1,0,0,0,0,True,0,0,0,0,0,0,0,0
440,7,1,4,1,1,1,0,True,1,0,0,0,1,1,3,1
298,5,1,3,1,1,1,0,True,0,0,0,0,1,0,0,0
110,16,0,0,0,0,1,0,True,1,0,0,0,0,0,0,0
283,1,0,3,1,1,1,0,True,0,0,0,0,0,0,1,0
758,3,0,3,1,1,1,0,True,0,0,0,0,1,0,0,0
294,15,10,6,1,1,1,0,True,0,0,0,0,1,0,1,0
57,2,14,2,1,1,1,0,True,0,1,0,0,0,2,0,3
69,4,2,7,1,1,1,0,True,1,0,0,0,0,0,0,1
249,1,0,0,1,0,1,0,True,0,0,0,0,0,0,1,0
205,0,0,1,0,0,0,0,True,0,0,0,0,0,0,0,0
348,9,1,8,1,1,1,0,True,0,0,0,0,0,0,1,0
24,66,0,3,1,1,1,0,True,3,0,0,0,9,0,6,0
180,0,1,0,1,1,1,0,False,0,0,0,0,0,0,0,0
168,1,0,0,0,0,0,0,True,0,0,0,0,0,0,0,0
159,29,0,2,1,1,1,0,True,3,0,0,0,3,0,2,0
169,0,4,1,1,1,1,0,True,0,0,0,0,0,0,0,1
550,0,42,4,1,1,1,0,True,0,0,0,0,0,0,0,0
145,14,0,0,1,0,1,0,True,0,0,0,0,2,0,1,0
761,8,0,1,1,1,1,0,True,0,0,0,0,1,0,0,0
114,0,0,1,0,0,0,0,True,0,0,0,0,0,0,0,0
276,0,0,1,0,0,0,0,True,0,0,0,0,0,0,0,0
79,0,2,0,1,1,1,0,False,0,0,0,0,0,0,0,0
276,7,2,0,1,0,1,0,True,0,0,0,0,0,0,0,0
22,53,23,21,1,0,1,0,True,1,0,0,1,14,3,1,0
350,9,1,2,1,1,1,0,True,0,0,0,0,2,0,0,0
21,1,1,0,0,0,0,0,True,0,0,0,0,0,0,0,1
364,1,1,1,0,0,0,0,True,0,0,0,0,0,1,0,0
393,0,0,1,0,0,1,0,True,0,0,0,0,0,0,0,0
80,0,0,1,0,0,0,0,True,0,0,0,0,0,0,0,0
89,0,0,1,0,0,0,0,True,0,0,0,0,0,0,0,0
475,3,0,1,1,1,1,0,True,0,0,0,0,1,0,0,0
33,2,0,0,1,1,1,0,True,0,0,0,0,0,0,0,0
154,3,0,0,0,0,0,0,True,0,0,0,0,2,0,0,0
38,3,0,0,1,1,1,0,True,0,0,0,0,0,0,1,0
71,0,1,0,0,0,1,0,False,0,0,0,0,0,0,0,0
90,0,0,4,0,0,0,0,False,0,0,0,0,0,0,0,1
86,0,0,1,0,0,0,0,False,0,0,0,0,0,1,0,0
21,0,2,1,1,0,1,0,False,0,0,0,0,0,0,0,0
92,1,0,0,1,1,1,0,False,0,0,0,0,0,0,0,0
240,2,0,1,1,0,1,0,False,0,0,0,0,0,0,0,0
47,0,1,0,1,1,1,0,False,0,0,0,0,0,1,0,0
26,0,6,0,1,1,1,0,False,0,0,0,0,0,1,0,0
22,1,0,0,1,0,1,0,False,0,0,0,0,0,0,0,0
14,19,35,38,1,0,1,0,False,1,3,0,0,2,6,1,2
151,0,0,1,0,0,0,0,False,0,0,0,0,0,0,0,0
347,0,1,0,1,0,0,0,False,0,0,0,0,0,0,0,1
31,0,1,0,1,0,0,0,False,0,0,0,0,0,0,0,0
229,5,0,10,1,1,1,0,False,0,0,0,0,0,0,0,0
54,10,1,5,1,1,1,0,False,0,0,0,0,0,0,0,0
324,0,0,4,0,0,0,0,False,0,0,0,0,0,0,1,1
363,3,0,4,1,0,1,0,False,0,0,0,0,0,0,0,0
130,1,1,1,0,0,0,0,False,0,0,0,0,0,0,0,0
109,0,0,1,0,0,0,0,False,0,0,0,0,0,0,0,0
131,0,0,2,0,0,0,0,False,0,0,0,0,0,0,0,0
74,0,0,1,0,0,0,0,False,0,0,0,0,0,0,0,0
41,0,2,0,1,0,1,0,False,0,0,0,0,0,0,0,0
87,1,0,1,1,0,1,0,False,0,0,0,0,0,0,0,0
295,2,0,2,1,0,1,0,False,0,0,0,0,0,0,0,0
44,0,5,7,0,0,0,0,False,0,0,0,0,0,0,0,0
7,1,0,3,1,0,1,0,False,0,0,0,0,0,0,0,0
0,2,0,0,0,0,0,1,False,0,0,0,0,1,0,0,0
6,0,0,1,0,0,0,0,False,0,0,0,0,0,0,0,0
6,0,0,1,0,0,0,0,False,0,0,0,0,0,0,0,0
4,4,33,14,1,0,1,0,False,2,1,0,0,0,3,0,4
590,1,1,1,0,0,0,0,False,0,0,0,0,0,0,0,1
116,10,0,1,1,1,1,0,False,0,0,0,0,2,0,0,0
6,0,2,0,1,0,1,0,False,0,0,0,0,0,0,0,0
75,0,1,1,1,0,1,0,False,0,0,0,0,0,0,0,0
5,0,1,0,1,0,1,0,False,0,0,0,0,0,0,0,0
81,0,0,9,0,0,0,0,False,0,0,0,0,1,1,0,0
30,0,2,0,1,0,1,0,False,0,0,0,0,0,0,0,0
28,0,1,0,1,0,1,0,False,0,0,0,0,0,0,0,0
4,0,1,0,1,0,1,0,False,0,0,0,0,0,0,0,0
126,0,8,0,1,0,1,0,False,0,0,0,0,0,0,0,0
21,0,6,1,1,0,1,0,False,0,0,0,0,0,0,0,0
83,0,5,0,1,0,1,0,False,0,0,0,0,0,0,0,0
51,1,0,1,0,0,1,0,False,0,0,0,0,0,0,0,0
1,0,4,0,0,0,0,0,False,0,0,0,0,0,0,0,0
93,0,0,1,0,0,0,0,False,0,0,0,0,0,1,0,0
156,0,0,0,0,0,0,0,False,0,0,0,0,0,0,0,0
3,1,0,0,0,0,1,0,False,0,0,0,0,0,0,0,0
28,28,0,0,0,0,0,0,False,3,0,1,0,0,0,1,0
231,1,0,0,1,0,1,0,False,0,0,0,0,0,0,0,0
15,4,0,0,1,0,1,0,False,0,0,0,0,1,0,0,0
81,54,0,0,1,0,0,0,False,0,0,0,0,8,0,0,0
59,0,0,1,0,0,0,0,False,0,0,0,0,0,0,0,0
25,7,0,3,1,0,1,0,False,0,0,0,0,2,0,0,0
136,0,1,0,1,0,1,0,False,0,0,0,0,0,0,0,0
36,0,2,0,0,0,0,0,False,0,0,0,0,0,0,0,0
149,0,0,1,0,0,0,0,False,0,0,0,0,0,0,0,0
4,0,0,0,1,0,1,0,False,0,0,0,0,0,0,0,0
25,0,0,14,0,0,0,0,False,0,0,0,0,0,0,1,0
14,0,0,9,0,0,0,0,False,0,0,0,0,0,0,0,0
79,0,0,1,1,0,0,0,False,0,0,0,0,0,0,0,0
165,4,0,2,1,0,1,0,False,1,0,0,0,0,0,1,0
126,4,0,0,1,1,1,0,False,0,0,0,0,1,0,0,0
16,9,0,0,0,0,1,0,False,0,0,1,0,0,0,0,0
158,0,0,3,1,0,0,0,False,0,0,0,0,0,0,0,0
15,6,0,3,0,0,0,0,False,0,0,0,0,2,0,0,0
223,0,1,1,1,0,1,0,False,0,0,0,0,0,0,0,0
104,3,0,1,0,0,1,0,False,1,0,0,0,0,0,0,0
172,5,1,3,1,0,1,0,False,0,0,0,0,0,0,0,0
286,4,0,1,1,1,1,0,False,0,0,0,0,0,0,2,0
289,20,1,7,1,1,1,0,False,0,0,1,0,1,0,0,1
27,0,0,1,0,0,0,0,False,0,0,0,0,0,0,0,0
31,0,6,0,1,1,1,0,False,0,0,0,0,0,1,0,1
96,5,0,1,1,0,1,0,False,0,0,0,0,0,0,0,0
7,0,0,1,0,0,0,0,False,0,0,0,0,0,0,0,0
22,0,0,1,0,0,0,0,False,0,0,0,0,0,0,0,0
95,8,16,16,1,1,1,0,False,0,1,0,0,1,2,2,1
202,1,0,3,1,0,1,0,False,0,0,0,0,1,0,0,0
55,55,0,0,0,0,0,0,False,0,0,0,0,2,0,3,0
17,27,0,0,1,1,1,0,False,2,0,0,0,4,0,3,0
41,15,3,11,1,1,1,0,False,3,0,1,0,0,2,1,1
82,0,0,1,0,0,0,0,False,0,0,0,0,0,0,0,0
66,220,0,1,1,1,1,0,False,5,0,0,0,14,0,3,0
139,139,0,0,0,0,0,0,False,4,0,2,0,2,0,2,0
25,0,4,9,1,0,1,0,False,1,1,0,0,0,0,0,2
355,1,1,0,0,0,0,0,False,0,0,0,0,0,0,0,0
13,3,2,5,1,1,1,0,False,1,0,0,0,0,2,0,1
43,0,2,11,1,0,1,0,False,1,1,0,0,0,0,0,2
21,62,4,36,1,0,1,0,False,1,1,0,0,7,0,1,2
206,1,0,1,1,1,1,0,False,0,0,0,0,0,0,0,0
123,2,0,0,1,1,1,0,False,0,0,0,0,1,0,0,0
62,1,0,0,1,1,1,0,False,0,0,0,0,0,0,0,0
134,2,0,0,1,0,0,0,False,0,0,0,0,0,0,0,0
15,0,0,1,0,0,0,0,False,0,0,0,0,0,0,0,0
59,0,0,1,0,0,0,0,False,0,0,0,0,0,0,0,0
23,0,0,1,0,0,0,0,False,0,0,0,0,0,0,0,0
66,0,1,1,1,1,1,0,False,0,0,0,0,0,0,0,1
50,0,0,1,0,0,0,0,False,0,0,0,0,0,0,1,0
161,0,0,0,0,0,1,0,False,0,0,0,0,0,0,0,0
18,11,7,1,0,0,0,0,False,0,0,0,0,0,0,0,0
761,6,0,0,1,1,1,0,False,0,0,0,0,0,0,0,0
41,0,0,1,0,0,0,0,False,0,0,0,0,0,0,0,0
179,1,0,1,1,0,1,0,False,0,0,0,0,1,0,0,0
320,33,0,0,1,0,1,0,False,2,0,0,0,0,0,0,0
99,0,1,0,0,0,0,0,False,0,0,0,0,0,0,0,0
75,4,0,1,1,0,1,0,False,0,0,0,0,2,0,0,0
303,7,0,8,1,1,1,0,False,0,0,0,0,1,1,0,0
54,0,0,2,1,0,0,0,False,0,0,0,0,0,0,0,0
347,0,0,1,0,0,0,0,False,0,0,0,0,0,0,1,1
253,1,0,0,1,0,1,0,False,0,0,0,0,0,0,0,0
25,65,0,8,1,1,1,0,False,5,0,0,0,4,0,7,1
526,0,0,1,0,0,0,0,False,0,0,0,0,0,0,0,0
127,1,1,0,0,0,0,0,False,0,0,0,0,0,0,0,0
23,1,0,0,1,1,1,0,False,0,0,0,0,0,0,1,0
162,1,0,1,1,0,1,0,False,0,0,0,0,1,0,0,0
43,0,0,1,0,0,0,0,False,0,0,0,0,0,0,0,0
48,0,0,1,0,0,0,0,False,0,0,0,0,0,0,0,0
16,16,0,0,0,0,0,0,False,2,0,0,0,1,0,2,0
90,1,0,0,1,0,1,0,False,0,0,0,0,0,0,0,0
326,0,0,0,0,0,0,0,False,0,0,0,0,0,0,0,0
78,1,0,1,1,0,1,0,False,0,0,0,0,1,0,0,0
138,18,0,0,1,1,1,0,False,0,0,0,0,1,0,0,0
26,4,0,0,0,0,1,0,False,0,0,1,0,0,0,0,0
121,0,0,2,0,0,1,0,False,0,0,0,0,0,0,0,0
331,3,0,0,1,1,1,0,False,1,0,0,0,0,0,0,0
35,35,0,0,0,0,0,0,False,0,0,0,0,5,0,3,0
29,16,4,30,1,1,1,0,False,0,0,0,0,4,0,0,0
62,0,0,1,0,0,0,0,False,0,0,0,0,0,0,0,0
137,0,0,3,0,0,0,0,False,0,0,0,0,0,0,0,0
206,3,9,2,1,0,1,0,False,1,2,0,0,1,1,1,1
23,0,0,1,0,0,0,0,False,0,0,0,0,0,0,0,0
23,0,0,1,0,0,0,0,False,0,0,0,0,0,0,0,0
3,0,0,5,0,0,0,0,False,0,0,0,0,0,0,0,0
17,0,0,3,0,0,0,0,False,0,0,0,0,0,0,0,0
140,140,0,0,0,0,0,0,False,14,0,1,0,6,0,8,0
6,3,0,0,0,0,1,0,False,0,0,0,0,0,0,0,0
57,0,0,2,0,0,0,0,False,0,0,0,0,0,0,0,0
449,0,0,2,0,0,0,0,False,0,0,0,0,0,0,0,0
180,0,0,2,0,0,0,0,False,0,0,0,0,0,0,0,0
255,0,0,1,0,0,0,0,False,0,0,0,0,0,0,0,0
482,0,0,16,0,0,0,0,False,0,0,0,0,0,0,0,0
455,0,0,2,0,0,0,0,False,0,0,0,0,0,0,0,0
92,0,0,1,0,0,0,0,False,0,0,0,0,0,0,0,0
15,3,0,5,1,0,1,0,False,0,0,0,0,0,0,1,1
15,22,0,5,1,0,1,0,False,0,0,0,0,1,0,2,0
443,20,0,0,1,1,1,0,False,2,0,0,0,0,0,3,0
92,2,23,4,1,1,1,0,False,0,1,0,0,1,1,0,4
5,0,0,3,0,0,0,0,False,0,0,0,0,1,1,0,0
10,0,0,4,0,0,0,0,False,0,0,0,0,0,0,0,0
122,0,0,1,0,0,0,0,False,0,0,0,0,0,0,0,0
16,1,0,1,1,0,1,0,False,0,0,0,0,0,0,0,0
187,24,3,1,1,1,1,0,False,3,0,0,0,1,0,1,1
62,1,0,0,1,1,1,0,False,0,0,0,0,0,0,0,0
113,3,0,2,1,1,1,0,False,0,0,0,0,1,0,0,0
29,6,0,1,1,1,1,0,False,0,0,0,0,1,0,0,0
214,3,0,0,1,0,1,0,False,0,0,0,0,0,0,0,0
202,0,0,1,0,0,0,0,False,0,0,0,0,0,0,0,0
44,0,1,0,1,0,1,0,False,0,0,0,0,0,0,0,0
48,1,0,1,1,0,1,0,False,0,0,0,0,0,0,0,0
27,0,0,2,0,0,0,0,False,0,0,0,0,0,0,0,0
27,0,0,2,0,0,0,0,False,0,0,0,0,0,0,0,0
89,0,0,3,0,0,0,0,False,0,0,0,0,0,0,0,0
54,0,0,6,0,0,0,0,False,0,0,0,0,0,0,0,0
251,2,1,0,1,1,1,0,False,0,0,0,0,0,0,0,0
47,1,0,0,1,1,1,0,False,0,0,0,0,0,0,1,0
11,8,0,1,0,0,1,0,False,0,0,0,0,2,0,1,0
73,2,4,3,1,1,1,0,False,0,0,0,0,1,0,0,0
31,0,0,1,0,0,0,0,False,0,0,0,0,0,0,1,1
32,0,0,1,0,0,0,0,False,0,0,0,0,0,0,0,0
7,0,0,1,0,0,0,0,False,0,0,0,0,0,0,0,0
278,0,0,1,0,0,0,0,False,0,0,0,0,0,0,0,0
425,0,0,3,0,0,0,0,False,0,0,0,0,0,0,0,0
58,0,0,1,0,0,0,0,False,0,0,0,0,0,0,0,0
329,0,1,3,1,0,1,0,False,0,0,0,0,0,1,0,0
288,0,0,3,0,0,0,0,False,0,0,0,0,0,0,0,0
389,0,0,2,0,0,0,0,False,0,0,0,0,0,0,0,0
173,0,0,1,0,0,0,0,False,0,0,0,0,0,0,0,0
156,0,0,1,0,0,0,0,False,0,0,0,0,0,0,0,0
105,0,0,1,0,0,0,0,False,0,0,0,0,0,0,0,0
390,0,0,3,0,0,0,0,False,0,0,0,0,0,0,0,0
263,0,0,2,0,0,0,0,False,0,0,0,0,0,0,0,0
570,0,0,5,0,0,0,0,False,0,0,0,0,0,0,0,0
103,0,0,1,0,0,0,0,False,0,0,0,0,0,0,0,0
364,0,0,1,0,0,0,0,False,0,0,0,0,0,0,0,0
109,0,0,3,0,0,0,0,False,0,0,0,0,0,0,0,0
156,0,0,1,0,0,0,0,False,0,0,0,0,0,0,0,0
180,0,0,2,0,0,0,0,False,0,0,0,0,0,0,0,0
352,0,0,1,0,0,0,0,False,0,0,0,0,0,0,0,0
344,0,0,1,0,0,0,0,False,0,0,0,0,0,0,0,0
46,0,0,2,0,0,0,0,False,0,0,0,0,0,0,0,0
10,0,0,1,0,0,0,0,False,0,0,0,0,0,0,0,0
124,0,0,1,0,0,0,0,False,0,0,0,0,0,0,0,0
205,0,0,2,0,0,0,0,False,0,0,0,0,0,0,0,0
73,0,0,1,0,0,0,0,False,0,0,0,0,0,0,0,0
244,0,0,1,0,0,0,0,False,0,0,0,0,0,0,0,0
225,0,0,1,0,0,0,0,False,0,0,0,0,0,0,0,0
28,0,0,1,0,0,0,0,False,0,0,0,0,0,0,0,0
300,0,0,1,0,0,0,0,False,0,0,0,0,0,0,0,0
6,0,0,1,0,0,0,0,False,0,0,0,0,0,0,0,0
82,0,0,3,0,0,0,0,False,0,0,0,0,0,0,0,0
87,5,0,0,1,0,1,0,False,0,0,0,0,0,0,0,0
51,20,0,1,1,0,1,0,False,2,0,0,0,2,0,1,0
68,0,0,0,0,0,0,0,False,0,0,0,0,0,0,0,0
59,0,0,1,0,0,0,0,False,0,0,0,0,0,0,0,0
48,11,0,0,1,1,1,0,False,0,0,0,0,1,0,1,0
77,4,1,1,1,1,1,0,False,0,0,0,0,0,0,0,0
453,0,0,1,0,0,0,0,False,0,0,0,0,0,0,0,0
228,0,0,12,0,0,0,0,False,0,0,0,0,0,0,0,0
675,0,0,1,0,0,0,0,False,0,0,0,0,0,0,0,0
475,0,0,1,0,0,0,0,False,0,0,0,0,0,0,0,0
44,1,0,0,0,0,0,0,False,0,0,0,0,0,0,0,0
11,6,0,2,1,1,1,0,False,0,0,0,0,3,0,0,0
237,0,0,1,0,0,0,0,False,0,0,0,0,0,0,0,0
760,0,4,0,1,1,1,0,False,0,0,0,0,0,0,0,0
26,5,14,87,1,1,1,0,False,1,0,0,0,0,81,1,0
15,0,14,2,1,0,1,0,False,0,2,0,0,0,2,1,4
82,20,2,10,1,0,1,0,False,5,0,1,1,2,2,0,1
105,3,0,0,0,0,1,0,False,1,0,0,0,0,0,0,0
3,0,5,0,0,0,1,0,False,0,0,0,0,0,0,0,0
221,1,1,1,0,0,0,0,False,0,0,0,0,0,0,1,1
26,1,0,0,1,0,1,0,False,0,0,0,0,0,0,0,0
94,6,0,0,1,1,1,0,False,0,0,0,0,0,0,0,0
148,148,0,0,0,0,0,0,False,7,0,1,0,13,0,10,0
76,1,0,0,1,1,1,0,False,0,0,0,0,0,0,0,0
4,3,0,0,0,0,1,0,False,0,0,0,0,0,0,1,0
44,0,0,1,0,0,0,0,False,0,0,0,0,0,0,0,0
266,3,1,4,1,0,1,0,False,0,0,0,0,0,0,1,0
309,4,0,1,0,1,1,0,False,1,0,0,0,0,0,0,0
244,1,0,0,1,1,1,0,False,0,0,0,0,0,0,0,0
28,0,0,1,0,0,0,0,False,0,0,0,0,0,0,0,0
31,1,0,1,1,0,0,0,False,0,0,0,0,0,0,0,0
162,4,0,3,1,0,1,0,False,0,0,0,0,0,0,1,0
228,0,0,1,0,0,0,0,False,0,0,0,0,0,0,0,0
146,3,0,0,1,0,1,0,False,0,0,0,0,0,0,0,0
187,0,0,3,0,0,0,0,False,0,0,0,0,1,1,0,0
119,0,0,1,0,0,1,0,False,1,1,0,0,0,0,0,0
6,0,0,1,0,0,0,0,False,0,0,0,0,0,0,0,0
9,1,0,1,1,0,1,0,False,0,0,0,0,0,0,1,0
126,2,0,1,1,1,1,0,False,0,0,0,0,1,0,0,0
323,2,0,0,1,0,1,0,False,0,0,0,0,0,0,0,0
78,2,0,1,1,0,1,0,False,0,0,0,0,0,0,0,0
277,0,0,1,0,0,0,0,False,0,0,0,0,0,0,0,0
75,4,3,23,1,1,1,0,False,0,0,0,0,0,0,1,0
14,0,0,1,0,0,0,0,False,0,0,0,0,0,0,0,0
57,14,0,4,1,1,1,0,False,2,0,0,0,0,0,2,0
327,0,0,1,0,0,0,0,False,0,0,0,0,0,0,0,0
76,0,0,1,0,0,0,0,False,0,0,0,0,0,0,0,0
426,0,0,1,0,0,0,0,False,0,0,0,0,0,0,0,0
256,0,0,1,0,0,0,0,False,0,0,0,0,0,0,0,0
53,0,0,1,0,0,0,0,False,0,0,0,0,0,0,0,0
70,0,0,1,0,0,0,0,False,0,0,0,0,0,0,0,0
348,0,0,2,0,0,0,0,False,0,0,0,0,0,0,0,0
381,381,0,0,0,0,0,0,False,34,0,3,0,37,0,68,0
311,0,0,2,0,0,0,0,False,0,0,0,0,0,0,1,0
318,0,0,1,0,0,0,0,False,0,0,0,0,0,0,0,0
13,0,2,0,1,0,1,0,False,0,0,0,0,0,0,0,0
10,0,1,1,1,1,1,0,False,0,0,0,0,0,0,0,0
201,0,1,0,1,1,1,0,False,0,0,0,0,0,0,0,0
34,0,2,0,1,0,1,0,False,0,0,0,0,0,0,0,0
1,0,1,0,0,0,0,0,False,0,0,0,0,0,0,0,0
173,9,0,0,1,1,1,0,False,1,0,0,0,0,0,0,0
162,1,0,1,1,0,1,0,False,0,0,0,0,0,0,0,0
210,1,0,1,1,1,1,0,False,0,0,0,0,0,0,0,0
36,2,0,0,1,0,1,0,False,0,0,0,0,0,0,0,0
157,0,0,2,0,0,0,0,False,0,0,0,0,0,0,0,0
40,0,0,1,0,0,0,0,False,0,0,0,0,0,0,0,0
369,3,1,0,1,0,1,0,False,0,0,0,0,0,0,0,0
33,2,1,1,1,0,1,0,False,0,0,0,0,1,0,0,0
131,8,0,1,1,1,1,0,False,2,0,0,0,0,0,0,0
69,69,0,0,0,0,0,0,False,6,0,1,0,5,0,7,0
30,1,30,1,1,0,1,0,False,0,3,0,1,0,1,1,3
79,0,0,2,0,0,0,0,False,0,0,0,0,0,0,1,1
89,0,4,0,1,0,1,0,False,0,1,0,0,0,1,0,0
62,2,0,0,1,1,1,0,False,0,0,0,0,0,0,0,0
347,4,0,0,1,0,0,0,False,0,0,0,0,0,0,1,0
64,15,0,0,1,0,1,0,False,1,0,0,0,2,0,2,0
72,23,0,0,1,0,1,0,False,2,0,0,0,3,0,4,0
374,0,0,1,0,0,0,0,False,0,0,0,0,0,0,0,0
568,1,0,0,1,1,1,0,False,0,0,0,0,0,0,0,0
94,2,0,0,1,1,1,0,False,0,0,0,0,1,0,0,0
37,1,0,1,1,0,1,0,False,0,0,0,0,0,0,0,0
103,0,0,1,0,0,0,0,False,0,0,0,0,0,0,0,0
194,12,0,0,1,1,1,0,False,0,0,0,0,1,0,0,0
56,0,1,0,0,0,0,0,False,0,0,0,0,0,0,0,0
35,2,0,1,1,0,1,0,False,0,0,0,0,0,0,0,0
63,1,0,1,1,1,1,0,False,0,0,0,0,0,0,0,0
10,2,0,1,1,1,1,0,False,0,0,0,0,0,0,0,0
12,0,1,1,1,0,1,0,False,0,0,0,0,0,0,0,0
83,1,0,1,1,0,1,0,False,0,0,0,0,0,0,0,0
41,2,0,1,1,0,1,0,False,0,0,0,0,0,0,0,0
165,0,68,1,1,1,1,0,False,0,5,0,1,0,1,0,0
56,1,0,1,1,0,1,0,False,0,0,0,0,0,0,0,0
823,6,0,7,1,1,1,0,False,0,0,0,0,1,0,0,1
34,1,0,0,0,0,0,0,False,0,0,0,0,1,0,0,0
385,14,2,7,1,1,1,0,False,0,0,0,0,0,0,0,0
74,0,0,1,0,0,0,0,False,0,0,0,0,1,1,0,0
330,0,3,0,1,1,1,0,False,0,0,0,0,0,1,0,0
25,0,6,0,0,0,1,0,False,0,0,0,0,0,1,0,2
203,0,1,0,1,1,1,0,False,0,0,0,0,0,0,0,0
62,1,0,0,1,1,1,0,False,0,0,0,0,0,0,0,0
30,2,0,0,0,0,1,0,False,0,0,0,0,0,0,0,0
68,0,4,1,1,0,1,0,False,0,0,0,0,0,0,0,0
37,5,2,5,1,0,1,0,False,2,1,0,0,1,0,1,0
40,0,3,1,1,0,1,0,False,0,0,0,0,0,0,0,0
105,0,7,0,0,0,1,0,False,0,1,0,0,0,0,0,0
62,0,1,1,1,1,1,0,False,0,0,0,0,0,0,0,0
242,1,29,0,1,1,1,0,False,0,4,0,0,0,2,0,1
170,0,7,1,1,1,1,0,False,0,2,0,0,0,0,0,0
520,11,0,4,1,1,1,0,False,0,0,0,0,1,0,1,0
47,0,0,1,0,0,0,0,False,0,0,0,0,0,0,0,0
22,0,6,0,0,0,1,0,False,0,0,0,0,0,1,0,0
65,35,12,4,1,0,1,0,False,1,0,1,0,5,0,1,0
9,0,2,0,0,0,1,0,False,0,0,0,0,0,0,0,0
90,0,1,0,1,0,1,0,False,0,0,0,0,0,0,0,1
98,0,0,3,0,0,0,0,False,0,0,0,0,0,0,0,0
533,0,0,1,0,0,0,0,False,0,0,0,0,0,0,0,0
7,0,0,2,0,0,0,0,False,0,0,0,0,0,0,1,1
25,0,0,0,0,0,0,0,False,0,0,0,0,0,0,0,0
5,0,0,1,0,0,0,0,False,0,0,0,0,0,0,0,0
12,7,0,2,1,0,1,0,False,0,0,0,0,3,0,1,0
29,3,0,1,1,0,1,0,False,0,0,0,0,1,0,0,0
61,0,0,1,0,0,0,0,False,0,0,0,0,0,0,0,0
1,6,1,1,1,0,1,0,False,0,0,0,0,1,0,2,0
35,0,1,1,0,0,1,0,False,0,0,0,0,0,0,0,0
56,1,0,0,1,0,1,0,False,0,0,0,0,0,0,0,0
82,9,0,0,1,0,1,0,False,1,0,0,0,0,0,0,0
58,0,0,1,0,0,0,0,False,0,0,0,0,0,0,0,0
296,5,0,0,1,0,1,0,False,0,0,0,0,0,0,0,0
157,26,0,6,1,1,1,0,False,3,0,0,0,2,0,3,0
14,0,0,1,0,0,0,0,False,0,0,0,0,0,0,0,0
62,0,0,1,0,0,0,0,False,0,0,0,0,0,0,0,0
214,3,0,0,1,0,1,0,False,0,0,0,0,0,0,0,0
535,3,0,1,1,1,1,0,False,1,0,0,0,0,0,0,0
19,34,0,5,1,0,1,0,False,4,0,0,0,0,0,1,0
23,0,2,2,1,0,1,0,False,0,0,0,0,0,0,0,0
108,5,0,1,1,1,1,0,False,0,0,0,0,1,0,0,0
96,1,0,0,1,1,1,0,False,0,0,0,0,0,0,0,0
91,2,0,1,1,0,1,0,False,0,0,0,0,0,0,1,0
50,6,0,0,1,0,1,0,False,0,0,0,0,0,0,0,0
105,6,0,0,1,1,1,0,False,1,0,0,0,0,0,0,0
12,12,0,0,0,0,0,0,False,1,0,0,0,1,0,1,0
77,0,0,1,0,0,0,0,False,0,0,0,0,0,0,0,0
19,24,0,0,1,1,1,0,False,0,0,0,0,0,0,0,0
2,0,2,0,0,0,1,0,False,0,0,0,0,0,0,0,0
159,0,0,1,0,0,0,0,False,0,0,0,0,0,0,0,0
209,0,2,1,1,0,1,0,False,0,0,0,0,0,1,0,0
169,0,0,1,0,0,0,0,False,0,0,0,0,0,0,0,0
48,1,0,0,1,0,1,0,False,0,0,0,0,0,0,0,0
67,0,1,0,1,0,1,0,False,0,0,0,0,0,0,0,0
36,0,0,1,0,0,0,0,False,0,0,0,0,0,0,0,0
203,3,0,20,1,1,1,0,False,0,0,0,0,0,0,0,0
22,0,0,1,0,0,0,0,False,0,0,0,0,0,0,0,0
302,0,1,1,1,1,1,0,False,0,0,0,0,0,0,0,0
205,0,0,1,0,0,0,0,False,0,0,0,0,0,0,0,0
21,1,0,0,0,0,1,0,False,0,0,0,0,0,0,0,0
45,0,0,2,0,0,0,0,False,0,0,0,0,0,0,0,0
152,0,0,3,0,0,0,0,False,0,0,0,0,0,0,0,0
4,0,0,1,0,0,0,0,False,0,0,0,0,0,0,0,0
5,1,0,0,0,0,1,0,False,0,0,0,0,0,0,0,0
138,0,0,0,0,0,0,0,False,0,0,0,0,0,0,0,0
60,0,1,0,1,1,1,0,False,0,0,0,0,0,0,0,0
159,0,0,3,0,0,0,0,False,0,0,0,0,0,0,0,0
71,0,0,1,0,0,0,0,False,0,0,0,0,0,0,0,0
65,2,1,1,1,0,1,0,False,0,0,0,0,0,0,0,0
311,1,0,2,0,1,1,0,False,0,0,0,0,0,0,0,0
35,0,0,1,0,0,0,0,False,0,0,0,0,0,0,0,0
80,1,0,0,1,0,1,0,False,0,0,0,0,0,0,0,0
160,0,0,1,0,0,0,0,False,0,0,0,0,0,0,0,0
13,0,0,1,0,0,0,0,False,0,0,0,0,0,0,0,0
31,0,0,3,0,0,0,0,False,0,0,0,0,0,0,0,0
42,0,0,1,0,0,0,0,False,0,0,0,0,0,0,0,0
47,0,0,1,0,0,0,0,False,0,0,0,0,0,0,0,0
4,0,0,1,0,0,0,0,False,0,0,0,0,0,0,0,0
5,0,0,1,0,0,0,0,False,0,0,0,0,0,0,0,0
5,0,0,1,0,0,0,0,False,0,0,0,0,0,0,0,0
70,1,0,0,1,0,1,0,False,0,0,0,0,0,0,0,0
106,1,0,0,1,0,1,0,False,0,0,0,0,0,0,0,0
15,0,0,1,0,0,0,0,False,0,0,0,0,0,0,0,0
159,0,4,0,1,0,1,0,False,0,0,0,0,0,1,0,0
54,0,3,9,1,0,1,0,False,0,0,0,0,0,1,0,0
81,0,0,0,1,1,1,0,False,0,0,0,0,0,0,0,0
27,0,0,1,0,0,0,0,False,0,0,0,0,0,0,0,0
45,0,0,1,0,0,0,0,False,0,0,0,0,0,0,0,0
70,0,3,4,1,1,1,0,False,0,0,0,0,0,2,0,0
221,0,1,0,0,0,1,0,False,0,0,0,0,0,0,0,0
161,4,0,0,1,0,1,0,False,1,0,0,0,0,0,0,0
75,0,0,1,0,0,1,0,False,1,1,0,0,0,0,0,0
1,2,0,1,1,0,1,0,False,0,0,0,0,0,0,0,0
62,0,0,1,0,0,0,0,False,0,0,0,0,0,0,0,0
294,0,0,2,0,0,1,0,False,0,0,0,0,0,0,0,0
44,0,2,2,1,0,1,0,False,0,0,0,0,0,0,0,1
54,2,0,1,1,0,1,0,False,0,0,0,0,1,0,0,1
96,2,0,0,1,1,1,0,False,0,0,0,0,1,0,0,0
98,1,0,0,1,1,1,0,False,0,0,0,0,0,0,0,0
174,0,3,14,1,0,1,0,False,0,0,0,0,1,2,1,0
232,0,1,0,1,1,1,0,False,0,0,0,0,0,0,0,0
154,1,1,1,1,1,1,0,False,0,0,0,0,0,0,0,0
9,1,0,2,1,0,1,0,False,0,0,0,0,0,1,0,0
365,6,0,0,1,1,1,0,False,0,0,0,0,0,0,0,0
8,0,0,1,0,0,0,0,False,0,0,0,0,0,0,0,0
43,10,0,0,1,1,1,0,False,3,0,0,0,1,0,0,0
282,4,0,0,1,1,1,0,False,1,0,0,0,0,0,1,0
41,33,0,4,1,1,1,0,False,3,0,1,0,2,0,8,0
134,4,0,0,0,0,1,0,False,1,0,0,0,0,0,1,0
84,1,2,1,1,0,1,0,False,0,0,0,0,0,1,1,0
96,3,0,1,1,1,1,0,False,0,0,0,0,1,0,0,0
16,4,0,0,1,0,1,0,False,0,0,0,0,0,0,0,0
12,5,0,2,1,0,1,0,False,0,0,0,0,0,0,0,0
31,0,0,1,0,0,0,0,False,0,0,0,0,0,0,0,0
85,1,0,0,1,1,1,0,False,0,0,0,0,0,0,0,0
52,5,3,0,1,0,1,0,False,0,0,0,0,0,0,0,0
480,4,0,0,1,0,1,0,False,1,0,0,0,1,0,1,0
52,0,33,0,1,0,1,0,False,0,3,0,1,0,1,0,1
34,1,0,1,1,0,1,0,False,0,0,0,0,0,0,0,0
79,7,0,1,1,0,1,0,False,0,0,0,0,1,0,1,0
35,6,6,5,1,0,1,0,False,0,0,0,0,0,0,0,0
39,0,2,4,1,0,1,0,False,0,0,0,0,0,0,0,1
86,0,0,2,0,0,0,0,False,0,0,0,0,0,0,0,0
14,3,0,0,1,1,1,0,False,0,0,0,0,2,0,0,0
113,2,0,1,1,0,1,0,False,0,0,0,0,0,0,0,0
120,0,0,1,0,0,0,0,False,0,0,0,0,0,0,0,0
41,0,2,0,1,0,1,0,False,0,0,0,0,0,0,0,0
22,6,20,4,1,1,1,0,False,0,2,0,0,1,6,0,2
212,2,0,0,1,1,1,0,False,0,0,0,0,0,0,0,0
63,0,0,1,0,0,0,0,False,0,0,0,0,0,0,0,0
40,0,5,0,1,1,1,0,False,0,0,0,0,0,0,0,0
364,1,0,1,1,1,1,0,False,0,0,0,0,0,0,0,0
110,0,20,0,1,0,1,0,False,0,1,0,0,0,3,0,2
6,1,0,1,1,0,1,0,False,0,0,0,0,0,0,1,0
12,5,0,1,1,0,1,0,False,0,0,0,0,0,0,1,0
65,11,0,0,0,0,0,0,False,0,0,0,0,1,0,0,0
132,0,1,0,1,1,1,0,False,0,0,0,0,0,0,0,1
95,0,0,1,0,0,0,0,False,0,0,0,0,0,0,0,0
353,2,1,1,1,1,1,0,False,0,0,0,0,0,1,0,0
34,0,0,0,0,0,0,0,False,0,0,0,0,0,0,0,0
206,0,2,0,1,1,1,0,False,0,0,0,0,0,0,0,0
346,1,146,5,1,1,1,0,False,0,0,0,0,0,0,0,2
244,0,3,1,1,1,1,0,False,0,0,0,0,0,0,0,0
9,2,0,0,1,0,1,0,False,0,0,0,0,0,0,1,0
62,0,0,1,0,0,0,0,False,0,0,0,0,0,0,0,0
438,3,0,0,0,0,1,0,False,1,0,0,0,0,0,0,0
373,9,0,0,1,1,1,0,False,1,0,0,0,0,0,0,0
249,6,0,0,1,1,1,0,False,1,0,0,0,0,0,0,0
242,3,0,0,1,0,1,0,False,1,0,0,0,0,0,0,0
85,4,0,1,0,0,1,0,False,0,0,0,0,0,0,1,0
96,0,0,1,0,0,0,0,False,0,0,0,0,0,0,0,0
173,173,0,0,0,0,0,0,False,15,0,3,0,10,0,13,0
67,14,0,0,1,0,0,0,False,0,0,0,0,3,0,0,0
201,0,1,0,1,0,1,0,False,0,0,0,0,0,0,0,1
66,2,13,1,1,1,1,0,False,0,1,0,0,0,1,0,1
2,0,0,7,0,0,0,0,False,0,0,0,0,0,0,0,0
7,6,0,0,0,0,1,0,False,0,0,0,0,0,0,0,0
8,2,0,4,0,0,1,0,False,0,0,0,0,1,1,0,0
25,0,1,2,0,0,0,0,False,0,0,0,0,0,0,0,0
192,1,1,3,1,1,1,0,False,0,0,0,0,0,0,1,0
36,3,39,21,1,1,1,0,False,2,4,0,0,0,3,4,5
94,94,0,0,0,0,0,0,False,7,0,0,0,7,0,9,0
61,1,0,0,1,1,1,0,False,0,0,0,0,0,0,0,0
128,1,1,1,0,0,1,0,False,0,0,0,0,0,0,0,0
42,4,1,1,1,1,1,0,False,0,0,0,0,2,0,1,0
20,11,0,0,1,0,1,0,False,1,0,0,0,0,0,2,0
368,1,0,1,1,1,1,0,False,1,1,0,0,3,0,0,0
58,0,0,1,0,0,0,0,False,0,0,0,0,0,0,0,0
68,0,0,1,0,0,0,0,False,0,0,0,0,0,0,0,0
69,0,0,1,0,0,0,0,False,0,0,0,0,0,0,0,0
188,4,3,1,1,1,1,0,False,0,0,0,0,1,0,1,1
96,1,0,3,0,0,1,0,False,0,0,0,0,0,0,0,0
237,0,0,1,0,0,0,0,False,0,0,0,0,0,0,0,0
8,0,0,2,0,0,0,0,False,0,0,0,0,0,0,1,0
210,8,0,0,1,0,1,0,False,0,0,0,0,1,0,1,0
39,0,0,2,0,0,0,0,False,0,0,0,0,0,0,0,0
19,20,0,0,1,0,1,0,False,2,0,0,0,4,0,3,0
58,0,0,1,0,0,0,0,False,0,0,0,0,0,0,0,0
37,0,0,0,0,0,1,0,False,0,0,0,0,0,0,0,0
168,0,0,2,0,0,0,0,False,0,0,0,0,0,0,0,0
29,19,0,0,1,1,1,0,False,1,0,0,0,3,0,1,0
83,1,0,1,1,1,1,0,False,0,0,0,0,0,0,0,1
26,0,0,1,0,0,0,0,False,0,0,0,0,0,0,0,0
23,0,0,1,0,0,0,0,False,0,0,0,0,0,0,0,0
148,0,0,1,0,0,0,0,False,0,0,0,0,0,0,0,0
56,3,1,7,1,0,1,0,False,0,0,0,0,3,3,2,0
156,5,4,6,1,1,1,0,False,0,0,0,0,1,2,0,0
28,4,0,3,0,0,1,0,False,0,0,0,0,2,0,4,0
160,1,0,4,1,1,1,0,False,0,0,0,0,0,0,0,0
224,0,3,0,1,1,1,0,False,0,0,0,0,0,1,0,0
128,9,0,0,1,0,1,0,False,1,0,0,0,1,0,0,0
136,1,0,1,1,0,1,0,False,0,0,0,0,1,0,0,0
58,11,2,1,1,0,1,0,False,0,0,0,0,1,0,0,0
15,0,10,0,1,0,1,0,False,0,0,0,0,0,2,0,2
173,173,0,0,0,0,0,0,False,8,0,1,0,19,0,13,0
82,1,0,0,0,0,0,0,False,0,0,0,0,0,0,0,0
17,24,0,10,1,1,1,0,False,2,0,0,0,6,0,3,1
88,19,0,1,1,0,1,0,False,1,0,0,0,0,0,3,0
218,4,0,0,1,1,1,0,False,0,0,0,0,0,0,0,0
603,1,0,1,1,1,1,0,False,0,0,0,0,0,0,1,0
92,0,0,1,0,0,0,0,False,0,0,0,0,0,0,0,0
14,0,0,1,0,0,0,0,False,0,0,0,0,0,0,0,0
102,1,0,0,1,0,1,0,False,0,0,0,0,0,0,0,0
370,0,0,1,0,0,0,0,False,0,0,0,0,0,0,0,0
14,1,0,0,1,0,1,0,False,0,0,0,0,0,0,0,0
43,2,0,0,1,0,0,0,False,0,0,0,0,0,0,0,0
194,0,0,1,0,0,1,0,False,0,0,0,0,0,0,0,0
65,1,0,0,1,1,1,0,False,0,0,0,0,0,0,0,0
271,7,0,0,1,1,1,0,False,0,0,0,0,1,0,0,0
300,3,0,0,1,0,1,0,False,0,0,0,0,0,0,0,0
68,3,0,2,1,1,1,0,False,0,0,0,0,0,0,1,0
131,4,0,0,1,0,1,0,False,0,0,0,0,1,0,0,0
16,3,1,1,0,0,0,0,False,0,0,0,0,0,0,0,0
19,0,4,0,1,1,1,0,False,0,0,0,0,0,0,0,0
9,0,2,0,1,0,1,0,False,0,0,0,0,0,0,0,0
20,0,3,0,1,0,1,0,False,0,0,0,0,0,0,0,0
205,0,1,0,1,0,1,0,False,0,0,0,0,0,0,0,0
21,1,0,0,0,0,0,0,False,0,0,0,0,0,0,0,0
45,0,1,0,1,0,1,0,False,0,0,0,0,0,0,0,0
156,0,2,0,1,0,1,0,False,0,0,0,0,0,0,0,0
48,0,2,0,1,0,1,0,False,0,0,0,0,0,0,0,0
297,0,0,0,0,0,0,0,False,0,0,0,0,0,0,0,0
3,0,1,0,1,0,1,0,False,0,0,0,0,0,0,0,0
25,9,0,0,1,0,1,0,False,0,0,0,0,3,0,0,0
39,3,0,0,0,0,0,0,False,0,0,0,0,1,0,0,0
9,5,0,0,1,0,0,0,False,0,0,0,0,0,0,0,0
42,6,0,0,1,0,1,0,False,0,0,0,0,0,0,0,0
52,52,0,0,0,0,0,0,False,3,0,1,0,6,0,3,0
496,0,0,1,1,0,0,0,False,0,0,0,0,0,0,0,0
14,3,0,1,1,0,1,0,False,0,0,0,0,1,0,0,0
8,5,0,2,1,0,1,0,False,0,0,0,0,1,0,1,1
62,0,2,0,1,1,1,0,False,0,0,0,0,0,0,0,0
61,0,2,0,1,1,1,0,False,0,0,0,0,0,1,0,0
76,1,5,0,1,0,1,0,False,0,0,0,0,0,2,0,4
90,0,5,2,1,0,1,0,False,0,0,0,0,0,0,0,0
17,0,1,0,0,0,1,0,False,0,0,0,0,0,0,0,0
62,0,0,1,0,0,0,0,False,0,0,0,0,0,0,0,0
246,5,4,2,1,1,1,0,False,0,1,0,0,3,0,0,0
73,5,0,2,1,1,1,0,False,1,0,0,0,0,0,1,0
62,0,0,1,0,0,0,0,False,0,0,0,0,0,0,0,0
26,0,0,2,0,0,0,0,False,0,0,0,0,0,0,0,0
120,0,0,2,0,0,0,0,False,0,0,0,0,2,2,0,0
25,1,0,0,0,0,0,0,False,0,0,0,0,0,0,0,0
91,5,0,2,1,0,1,0,False,1,0,0,0,0,0,0,0
32,0,0,1,0,0,0,0,False,0,0,0,0,0,0,0,0
100,9,0,0,1,1,1,0,False,0,0,0,0,4,0,0,0
728,0,0,1,0,0,0,0,False,0,0,0,0,0,0,0,0
309,1,0,1,1,1,1,0,False,0,0,0,0,0,0,0,0
69,0,5,1,1,0,1,0,False,0,0,0,0,0,0,0,0
35,2,0,1,1,0,1,0,False,0,0,0,0,0,0,1,0
62,0,0,1,0,0,0,0,False,0,0,0,0,0,0,0,0
174,2,0,12,1,0,1,0,False,0,0,0,0,0,0,0,0
20,1,1,0,0,0,0,0,False,0,0,0,0,0,0,0,0
64,0,0,1,0,0,0,0,False,0,0,0,0,0,0,0,0
50,1,0,1,1,0,1,0,False,0,0,0,0,0,0,0,0
158,1,0,6,1,1,1,0,False,0,0,0,0,0,0,2,0
11,67,12,18,1,0,1,0,False,29,0,1,0,2,23,2,1
106,0,1,1,0,0,1,0,False,0,0,0,0,0,0,0,0
251,0,1,0,1,1,1,0,False,0,0,0,0,0,0,0,1
286,0,4,1,1,1,1,0,False,0,0,0,0,0,0,0,2
400,0,1,0,1,1,1,0,False,0,0,0,0,0,0,0,0
180,0,1,0,0,0,1,0,False,0,0,0,0,0,0,0,0
3,6,0,0,0,0,1,0,False,0,0,0,0,1,0,0,0
86,0,14,1,1,1,1,0,False,0,0,0,0,0,2,0,1
179,0,9,1,1,1,1,0,False,0,0,0,0,0,0,0,0
49,0,1,0,1,1,1,0,False,0,0,0,0,0,0,0,0
54,0,1,0,1,1,1,0,False,0,0,0,0,0,0,0,0
21,0,1,0,1,1,1,0,False,0,0,0,0,0,0,0,0
11,0,1,0,1,0,1,0,False,0,0,0,0,0,0,0,0
24,0,1,0,1,1,1,0,False,0,0,0,0,0,0,0,0
13,0,1,0,1,0,1,0,False,0,0,0,0,0,0,0,0
90,0,1,0,1,1,1,0,False,0,0,0,0,0,0,0,0
102,0,1,0,1,1,1,0,False,0,0,0,0,0,0,0,0
17,0,1,0,1,1,1,0,False,0,0,0,0,0,0,0,0
29,0,1,0,1,1,1,0,False,0,0,0,0,0,0,0,0
10,0,1,0,1,0,1,0,False,0,0,0,0,0,0,0,0
61,0,1,0,1,1,1,0,False,0,0,0,0,0,0,0,0
44,0,1,0,1,1,1,0,False,0,0,0,0,0,0,0,0
28,0,1,0,1,0,1,0,False,0,0,0,0,0,0,0,0
17,0,1,0,1,1,1,0,False,0,0,0,0,0,0,0,0
10,0,1,0,1,0,1,0,False,0,0,0,0,0,0,0,0
138,1,0,1,1,1,1,0,False,0,0,0,0,0,0,0,0
32,1,0,0,1,1,1,0,False,0,0,0,0,0,0,0,0
151,0,0,1,0,0,0,0,False,0,0,0,0,0,0,0,0
117,117,0,0,0,0,0,0,False,6,0,0,0,12,0,23,0
67,67,0,0,0,0,0,0,False,1,0,1,0,0,0,2,0
13,13,0,0,0,0,0,0,False,0,0,0,0,1,0,0,0
21,21,0,0,0,0,0,0,False,1,0,0,0,7,0,0,0
31,26,1,8,1,0,1,0,False,2,0,0,0,1,0,2,2
15,0,2,0,1,0,0,0,False,0,0,0,0,0,0,0,0
210,0,1,0,1,0,1,0,False,0,0,0,0,0,0,0,0
25,0,0,1,0,0,0,0,False,0,0,0,0,0,0,0,0
265,3,0,0,0,1,1,0,False,1,0,0,0,0,0,0,0
34,1,0,1,0,0,0,0,False,0,0,0,0,1,0,0,0
45,0,0,3,0,0,0,0,False,0,0,0,0,0,0,0,0
15,0,0,1,0,0,0,0,False,0,0,0,0,0,0,0,0
145,0,0,1,0,0,0,0,False,0,0,0,0,0,0,0,0
22,0,0,1,0,0,0,0,False,0,0,0,0,0,0,0,0
82,2,0,2,1,0,1,0,False,0,0,0,0,1,0,1,0
289,2,0,0,1,0,1,0,False,0,0,0,0,0,0,0,0
60,0,22,1,1,1,1,0,False,0,2,0,0,0,1,0,1
179,0,1,0,1,1,1,0,False,0,0,0,0,0,0,0,0
45,0,0,2,0,0,0,0,False,0,0,0,0,0,0,0,0
14,5,0,0,0,0,1,0,False,0,0,1,0,0,0,0,0
38,0,0,1,0,0,0,0,False,0,0,0,0,0,0,0,0
247,1,0,3,1,0,1,0,False,0,0,0,0,0,0,0,1
104,0,0,1,0,0,0,0,False,0,0,0,0,0,0,0,0
110,0,0,1,0,0,0,0,False,0,0,0,0,0,0,0,0
441,0,0,1,0,0,0,0,False,0,0,0,0,0,0,0,0
98,0,6,0,1,1,1,0,False,0,0,0,0,0,3,0,0
45,0,9,0,1,0,0,0,False,0,0,0,0,0,0,0,1
74,0,1,1,1,0,1,0,False,0,0,0,0,0,0,0,0
15,13,0,1,1,0,1,0,False,3,0,0,0,1,0,0,0
35,3,0,2,1,0,0,0,False,0,0,0,0,1,0,0,0
52,1,0,2,1,0,1,0,False,0,0,0,0,0,0,0,0
35,3,0,4,1,1,1,0,False,0,0,0,0,0,0,0,0
297,2,0,4,1,0,0,0,False,0,0,0,0,2,0,1,1
46,8,0,2,1,1,1,0,False,0,0,0,0,2,0,0,0
215,1,0,2,1,1,1,0,False,0,0,0,0,0,0,0,0
68,0,1,0,1,1,1,0,False,0,0,0,0,0,0,0,0
100,2,1,3,1,1,1,0,False,0,0,0,0,0,0,0,0
27,0,0,0,0,0,0,0,False,0,0,0,0,0,0,0,0
76,16,2,4,1,0,1,0,False,0,0,0,0,0,0,0,0
31,1,0,0,0,0,0,0,False,0,0,0,0,0,0,0,0
814,0,0,2,0,0,0,0,False,0,0,0,0,0,0,0,0
309,0,0,3,0,0,0,0,False,0,0,0,0,0,0,1,0
130,0,0,1,0,0,0,0,False,0,0,0,0,0,0,1,0
145,0,0,6,0,0,0,0,False,0,0,0,0,0,0,0,0
434,0,0,1,0,0,0,0,False,0,0,0,0,0,0,0,0
814,0,5,8,1,1,1,0,False,0,0,0,0,0,0,0,0
106,0,0,1,0,0,0,0,False,0,0,0,0,0,0,1,0
367,1,1,0,0,0,0,0,False,0,0,0,0,0,0,1,0
528,0,0,2,0,0,0,0,False,0,0,0,0,0,0,1,0
59,0,0,1,0,0,0,0,False,0,0,0,0,0,0,1,0
162,0,0,4,0,0,0,0,False,0,0,0,0,0,0,1,0
127,0,0,1,0,0,0,0,False,0,0,0,0,0,0,1,0
211,0,0,1,0,0,0,0,False,0,0,0,0,0,0,1,0
106,1,1,0,0,0,0,0,False,0,0,0,0,0,0,0,0
60,0,0,1,0,0,0,0,False,0,0,0,0,0,0,1,0
161,2,0,5,1,0,1,0,False,0,1,0,0,0,0,0,1
106,0,1,0,1,1,1,0,False,0,0,0,0,0,0,0,0
16,0,3,0,0,0,1,0,False,0,0,0,0,0,0,0,0
19,0,2,0,1,0,1,0,False,0,0,0,0,0,0,0,0
211,0,0,1,0,0,0,0,False,0,0,0,0,0,0,0,0
60,0,0,1,0,0,0,0,False,0,0,0,0,0,0,0,0
255,0,0,1,0,0,0,0,False,0,0,0,0,0,0,0,0
26,0,1,0,1,1,1,0,False,0,0,0,0,0,0,0,0
242,8,0,0,1,1,1,0,False,0,0,0,0,0,0,0,0
69,1,0,0,1,0,1,0,False,0,0,0,0,0,0,0,0
109,2,0,2,1,0,1,0,False,0,0,0,0,0,0,0,0
99,0,0,0,0,0,0,0,False,0,0,0,0,0,0,0,0
23,6,3,16,1,0,1,0,False,0,0,0,0,0,0,0,0
295,0,0,1,0,0,0,0,False,0,0,0,0,0,0,0,1
68,68,0,0,0,0,0,0,False,7,0,1,0,8,0,6,0
20,2,0,1,0,0,1,0,False,0,0,0,0,0,0,0,0
10,0,0,1,0,0,0,0,False,0,0,0,0,0,0,0,0
11,0,1,0,0,0,0,0,False,0,0,0,0,0,0,0,0
304,1,1,1,1,1,1,0,False,0,0,0,0,0,0,0,0
238,4,0,2,1,0,1,0,False,0,0,0,0,1,0,0,0
62,1,0,0,1,1,1,0,False,0,0,0,0,0,0,0,0
253,19,0,0,1,1,1,0,False,0,0,0,0,0,0,0,0
17,0,0,2,0,0,0,0,False,0,0,0,0,0,0,0,0
330,5,0,0,1,0,1,0,False,0,0,0,0,0,0,0,0
108,6,0,0,1,0,1,0,False,0,0,0,0,0,0,0,0
483,0,3,2,1,0,1,0,False,0,0,0,0,0,0,0,0
71,0,4,0,1,0,1,0,False,0,1,0,0,0,1,0,0
43,8,6,3,1,1,1,0,False,0,0,0,0,0,1,0,1
242,2,1,0,1,0,1,0,False,0,0,0,0,0,0,0,0
128,9,0,0,1,1,1,0,False,0,0,0,0,1,0,1,0
96,0,0,1,0,0,0,0,False,0,0,0,0,0,0,0,0
124,5,0,0,1,1,1,0,False,0,0,0,0,0,0,1,0
146,0,3,1,1,0,1,0,False,0,0,0,0,0,1,0,0
202,6,5,3,1,1,1,0,False,0,0,0,0,1,2,0,0
210,1,0,1,1,0,1,0,False,0,0,0,0,0,0,0,0
59,0,0,1,0,0,0,0,False,0,0,0,0,0,0,0,0
601,0,0,1,0,0,0,0,False,0,0,0,0,0,0,0,1
192,2,0,2,1,1,1,0,False,0,0,0,0,0,0,0,0
62,1,0,0,1,1,1,0,False,0,0,0,0,0,0,0,0
571,571,0,0,0,0,0,0,False,32,0,4,0,62,0,47,0
213,213,0,0,0,0,0,0,False,24,0,5,0,19,0,16,0
100,30,5,4,1,1,1,0,False,1,0,0,0,5,0,1,0
25,0,0,1,0,0,0,0,False,0,0,0,0,0,0,0,0
47,28,4,3,1,1,1,0,False,1,0,0,0,1,1,3,0
31,31,0,0,0,0,0,0,False,5,0,1,0,1,0,1,0
103,26,2,8,1,0,1,0,False,5,1,1,0,0,0,0,0
23,0,29,7,1,0,1,0,False,2,7,0,0,0,2,0,1
27,13,0,0,1,0,1,0,False,1,0,0,0,0,0,0,0
201,0,2,0,1,1,1,0,False,0,0,0,0,0,0,0,0
80,1,0,4,1,1,1,0,False,0,0,0,0,1,0,0,0
30,0,0,1,0,0,0,0,False,0,0,0,0,0,0,0,0
22,18,1,2,1,1,1,0,False,1,0,1,0,3,0,3,0
13,0,0,1,0,0,0,0,False,0,0,0,0,0,0,0,0
35,0,25,1,1,1,1,0,False,0,3,0,1,0,2,0,3
16,0,0,1,0,0,0,0,False,0,0,0,0,0,0,0,0
33,28,0,0,1,0,1,0,False,0,0,0,0,5,0,5,0
224,6,1,3,1,1,1,0,False,1,0,0,0,0,0,0,0
145,3,0,0,1,1,1,0,False,0,0,0,0,0,0,0,0
278,0,1,1,0,0,1,0,False,0,0,0,0,0,0,0,0
14,76,15,11,1,1,1,0,False,2,0,1,0,13,6,1,0
65,0,0,1,0,0,0,0,False,0,0,0,0,0,0,0,0
28,0,0,1,0,0,0,0,False,0,0,0,0,0,0,0,0
165,12,0,0,0,0,1,0,False,1,0,0,0,0,0,1,0
101,4,0,2,1,1,1,0,False,1,0,0,0,0,0,1,0
60,9,0,0,0,0,1,0,False,1,0,0,0,1,0,0,0
87,7,0,0,0,0,1,0,False,1,0,0,0,0,0,0,0
12,11,0,2,0,0,1,0,False,1,0,0,0,0,0,1,0
52,9,0,0,0,0,1,0,False,1,0,0,0,0,0,1,0
44,6,0,0,0,0,1,0,False,1,0,0,0,0,0,1,0
33,0,0,2,0,0,0,0,False,0,0,0,0,0,0,0,0
225,0,0,1,0,0,0,0,False,0,0,0,0,0,0,0,0
150,12,1,1,1,1,1,0,False,1,0,1,0,1,0,1,0
74,7,0,3,1,0,1,0,False,3,1,0,0,0,0,0,0
15,15,0,0,0,0,0,0,False,0,0,0,0,9,0,0,0
96,7,0,6,1,1,1,0,False,0,0,0,0,0,0,1,0
84,10,0,0,1,0,1,0,False,0,0,1,0,0,0,0,0
411,0,0,1,0,0,0,0,False,0,0,0,0,0,0,0,0
446,0,1,0,1,1,1,0,False,0,0,0,0,0,0,0,0
201,6,0,3,1,0,1,0,False,1,0,0,0,1,0,0,0
425,1,0,0,1,1,1,0,False,0,0,0,0,0,0,0,0
4,1,5,1,1,0,1,0,False,0,0,0,0,0,1,0,0
166,0,5,4,1,1,1,0,False,0,0,0,0,0,1,0,0
240,0,0,2,0,0,0,0,False,0,0,0,0,0,0,0,0
312,3,0,2,1,0,1,0,False,0,0,0,0,2,0,0,0
23,3,0,0,1,0,1,0,False,1,0,0,0,0,0,0,0
91,0,0,1,0,0,0,0,False,0,0,0,0,0,0,0,0
85,0,0,1,0,0,0,0,False,0,0,0,0,0,0,0,0
5,0,1,0,0,0,1,0,False,0,0,0,0,0,0,0,0
99,0,0,1,0,0,0,0,False,0,0,0,0,0,0,0,0
72,0,0,1,0,0,0,0,False,0,0,0,0,0,0,0,0
56,0,0,1,0,0,0,0,False,0,0,0,0,0,0,0,0
32,0,0,1,0,0,0,0,False,0,0,0,0,0,0,0,0
434,0,0,1,0,0,0,0,False,0,0,0,0,0,0,0,0
280,0,0,1,0,0,0,0,False,0,0,0,0,0,0,0,0
178,0,0,2,0,0,0,0,False,0,0,0,0,0,0,0,0
44,0,0,1,0,0,0,0,False,0,0,0,0,0,0,0,0
27,0,0,1,0,0,0,0,False,0,0,0,0,0,0,0,0
23,0,0,1,0,0,0,0,False,0,0,0,0,0,0,0,0
29,0,18,1,1,0,1,0,False,0,0,0,0,0,4,0,1
19,6,0,2,1,1,1,0,False,0,0,0,0,3,0,2,0
16,12,0,1,1,1,1,0,False,1,0,0,0,1,0,3,0
43,0,0,1,0,0,0,0,False,0,0,0,0,0,0,0,0
90,0,5,2,1,0,1,0,False,0,0,0,0,0,0,0,0
237,0,0,1,0,0,0,0,False,0,0,0,0,0,0,0,0
323,4,0,0,1,0,1,0,False,0,0,0,0,0,0,0,0
43,15,4,11,1,0,1,0,False,0,0,0,0,0,0,0,0
158,0,1,4,1,1,1,0,False,0,0,0,0,0,0,0,0
143,4,0,9,1,0,1,0,False,0,0,0,0,0,0,0,0
130,0,0,1,0,0,0,0,False,0,0,0,0,0,0,0,0
85,3,0,0,1,0,1,0,False,1,0,0,0,0,0,1,0
324,1,0,1,1,0,1,0,False,0,0,0,0,0,0,0,0
169,0,0,0,0,1,0,0,False,0,0,0,0,0,0,0,0
109,0,7,3,1,0,1,0,False,0,1,0,0,0,0,1,2
206,0,0,2,0,0,0,0,False,0,0,0,0,0,0,1,1
34,4,0,0,1,0,0,0,False,0,0,0,0,0,0,0,0
4,7,1,2,1,0,1,0,False,2,2,0,0,0,0,1,1
104,1,1,1,1,0,1,0,False,0,0,0,0,0,0,0,0
183,7,2,8,1,1,1,0,False,0,0,0,0,1,1,0,0
192,0,10,11,1,0,1,0,False,0,0,0,0,0,0,0,0
10,0,5,3,0,0,1,0,False,0,0,0,0,0,0,0,0
11,0,0,1,0,0,0,0,False,0,0,0,0,0,0,0,0
78,2,3,5,1,0,1,0,False,0,0,0,0,1,1,1,0
119,1,4,1,1,0,1,0,False,0,0,0,0,0,0,0,0
119,0,1,0,1,0,1,0,False,0,0,0,0,0,0,0,1
191,11,0,0,1,1,1,0,False,0,0,0,0,0,0,1,0
4,17,0,3,0,0,1,0,False,0,0,0,0,1,0,1,0
19,8,5,1,0,0,1,0,False,2,0,1,0,1,0,0,0
27,0,0,1,0,0,0,0,False,0,0,0,0,0,0,0,0
7,0,0,1,0,0,0,0,False,0,0,0,0,0,0,0,0
13,0,1,0,0,0,0,0,False,0,0,0,0,0,0,0,1
40,0,39,2,1,0,1,0,False,0,1,0,0,0,2,0,5
14,0,0,1,0,0,0,0,False,0,0,0,0,0,0,0,0
15,0,0,1,0,0,0,0,False,0,0,0,0,0,0,0,0
145,0,0,1,0,0,0,0,False,0,0,0,0,0,0,0,0
17,0,0,1,0,0,0,0,False,0,0,0,0,0,0,0,0
80,2,0,2,1,0,1,0,False,0,0,0,0,1,0,1,0
41,1,12,2,1,0,1,0,False,0,2,0,1,0,0,1,2
105,3,1,0,0,0,1,0,False,1,0,0,0,0,0,0,0
48,11,0,0,1,1,1,0,False,1,0,0,0,2,0,2,0
64,64,0,0,0,0,0,0,False,4,0,0,0,15,0,11,0
25,2,0,1,0,0,0,0,False,0,0,0,0,0,0,0,0
6,2,0,3,0,0,0,0,False,0,0,0,0,0,0,0,0
147,0,0,1,0,0,0,0,False,0,0,0,0,0,0,0,0
52,1,9,0,1,0,1,0,False,0,1,0,0,0,0,0,0
166,0,1,0,1,1,1,0,False,0,0,0,0,0,0,0,0
128,4,0,0,1,1,1,0,False,1,0,0,0,0,0,0,0
11,0,0,1,0,0,0,0,False,0,0,0,0,0,0,0,0
62,0,0,1,0,0,0,0,False,0,0,0,0,0,0,0,0
368,4,0,1,1,1,1,0,False,0,0,0,0,1,0,1,0
19,20,5,11,1,1,1,0,False,1,0,0,0,2,2,2,2
8,17,1,2,0,0,1,0,False,1,0,1,0,1,0,1,1
308,0,0,2,0,0,0,0,False,0,0,0,0,0,0,0,0
131,0,0,2,0,0,0,0,False,0,0,0,0,0,0,0,0
194,4,0,1,1,1,1,0,False,0,0,0,0,0,0,0,0
14,18,9,6,0,0,1,0,False,6,0,0,4,3,0,1,0
49,7,5,5,1,1,1,0,False,0,0,0,0,0,1,0,1
79,7,0,0,1,0,1,0,False,0,0,0,0,0,0,1,0
65,0,0,1,0,0,0,0,False,0,0,0,0,0,0,0,0
8,0,0,1,0,0,0,0,False,0,0,0,0,0,0,0,0
229,0,0,4,0,0,0,0,False,0,0,0,0,0,0,0,0
13,0,0,2,0,0,0,0,False,0,0,0,0,0,0,0,0
8,6,4,0,1,0,1,0,False,0,0,0,0,0,0,0,1
115,0,0,1,0,0,0,0,False,0,0,0,0,0,0,0,0
116,1,45,1,1,1,1,0,False,0,2,0,0,0,3,0,9
29,3,0,0,1,0,1,0,False,0,0,0,0,0,0,0,0
6,30,0,0,0,0,0,0,False,0,0,0,0,1,0,0,0
179,1,0,2,1,1,1,0,False,0,0,0,0,0,0,0,0
77,77,0,0,0,0,0,0,False,5,0,1,0,12,0,14,0
351,2,0,0,1,1,1,0,False,0,0,0,0,0,0,0,0
174,0,1,1,1,1,1,0,False,0,0,0,0,0,0,0,0
14,0,0,1,0,0,0,0,False,0,0,0,0,0,0,0,0
30,3,0,1,1,0,1,0,False,0,0,0,0,1,0,1,0
55,1,0,2,1,1,1,0,False,0,0,0,0,0,0,1,0
62,0,0,1,0,0,0,0,False,0,0,0,0,0,0,0,0
84,0,31,0,1,0,1,0,False,0,4,0,0,0,0,0,0
219,1,1,2,0,0,1,0,False,0,1,0,0,1,0,0,0
103,0,0,1,1,0,0,0,False,0,0,0,0,0,0,0,0
167,0,5,2,1,1,1,0,False,0,0,0,0,0,1,0,0
68,0,7,2,1,0,1,0,False,0,0,0,0,0,1,0,0
217,11,3,4,1,1,1,0,False,0,0,0,0,1,1,1,0
30,7,0,0,0,0,0,0,False,0,0,0,0,0,0,0,0
64,1,8,9,1,1,1,0,False,2,2,0,0,0,1,0,1
58,0,0,1,0,0,0,0,False,0,0,0,0,0,0,0,0
46,18,0,2,1,1,1,0,False,1,0,0,0,2,0,1,0
63,1,1,0,0,0,0,0,False,0,0,0,0,0,0,0,0
10,0,0,1,0,0,0,0,False,0,0,0,0,0,0,0,0
37,0,6,0,1,0,0,0,False,0,0,0,0,0,0,0,0
372,0,0,1,0,0,0,0,False,0,0,0,0,0,0,0,0
9,1,1,0,0,0,1,0,False,0,0,0,0,0,0,0,0
8,1,1,1,0,0,0,0,False,0,0,0,0,0,0,0,0
31,0,1,6,1,0,1,0,False,0,0,0,0,0,1,0,0
119,6,0,2,1,1,1,0,False,0,0,0,0,1,0,1,0
89,0,0,2,0,0,1,0,False,0,0,0,0,0,0,0,0
43,0,0,2,0,0,1,0,False,0,0,0,0,0,0,0,0
155,2,0,0,1,1,1,0,False,0,0,0,0,1,0,0,0
34,3,0,2,1,0,1,0,False,0,0,0,0,0,0,0,0
349,5,0,0,1,1,1,0,False,1,0,0,0,0,0,0,0
62,0,0,1,0,0,0,0,False,0,0,0,0,0,0,0,0
56,14,0,0,1,1,1,0,False,2,0,0,0,2,0,0,0
251,3,0,0,1,0,1,0,False,0,0,0,0,0,0,0,0
19,79,14,23,1,1,1,0,False,2,0,0,0,7,1,1,0
22,12,12,12,1,0,1,0,False,0,0,0,0,2,1,0,0
22,10,42,43,1,0,1,0,False,0,0,0,0,1,0,0,0
0,0,0,0,0,0,0,0,False,0,0,0,0,0,0,0,0
181,77,0,2,1,1,1,0,False,5,0,5,0,8,0,8,0
350,4,1,1,1,1,1,0,False,1,0,0,0,0,1,0,0
46,6,5,4,1,0,1,0,False,0,0,0,0,2,2,1,0
11,4,1,7,1,1,1,0,False,0,0,0,0,0,0,4,2
5,0,0,0,0,0,1,0,False,0,0,0,0,0,0,0,0
132,0,0,2,0,0,0,0,False,0,0,0,0,0,0,0,0
4,3,19,0,1,0,1,1,False,0,2,0,0,0,7,0,3
20,20,0,0,0,0,0,0,False,2,0,0,0,8,0,3,0
32,1,1,5,0,0,0,0,False,0,0,0,0,0,0,0,0
83,0,0,1,0,0,0,0,False,0,0,0,0,0,0,0,0
157,1,0,0,0,0,0,0,False,0,0,0,0,0,0,0,0
608,3,1,7,1,1,1,0,False,1,0,0,0,0,2,1,0
24,6,2,2,1,1,1,0,False,0,0,0,0,1,0,0,1
464,0,1,0,0,0,0,0,False,0,0,0,0,0,0,0,0
262,0,0,1,0,0,0,0,False,0,0,0,0,0,0,0,0
284,2,0,2,1,1,1,0,False,0,0,0,0,1,0,0,0
21,0,0,1,0,0,0,0,False,0,0,0,0,0,0,0,0
88,1,0,1,1,0,1,0,False,0,0,0,0,1,0,0,0
2,0,1,0,0,0,0,0,False,0,0,0,0,0,0,0,0
84,0,1,0,1,0,0,0,False,0,0,0,0,0,0,0,0
80,0,0,0,1,0,0,0,False,0,0,0,0,0,0,0,0
0,0,0,0,0,0,0,0,False,0,0,0,0,0,0,0,0
16,16,0,0,0,0,0,0,False,1,0,1,0,1,0,0,0
3,8,0,1,0,0,1,0,False,1,0,0,0,0,0,0,0
62,0,0,1,0,0,0,0,False,0,0,0,0,0,0,0,0
240,0,0,1,0,0,0,0,False,0,0,0,0,0,0,0,0
58,1,0,0,0,0,1,0,False,0,0,0,0,0,0,0,0
93,3,0,1,1,1,1,0,False,1,0,0,0,0,0,0,0
10,3,13,2,0,0,1,0,False,1,0,0,0,0,2,1,2
48,0,3,1,0,0,1,0,False,0,0,0,0,0,1,0,1
33,0,0,1,0,0,0,0,False,0,0,0,0,0,0,0,0
338,0,1,0,1,1,1,0,False,0,0,0,0,0,0,0,0
80,5,0,3,1,0,1,0,False,2,0,0,0,0,0,0,0
275,1,0,0,1,0,1,0,False,0,0,0,0,0,0,0,0
88,0,0,2,0,0,0,0,False,0,0,0,0,0,0,0,1
433,1,0,0,1,1,1,0,False,0,0,0,0,0,0,0,0
14,1,0,4,0,0,1,0,False,0,0,0,0,1,1,1,1
88,0,2,0,1,1,1,0,False,0,0,0,0,0,0,0,0
368,0,0,2,0,0,0,0,False,0,0,0,0,0,0,0,0
513,0,0,3,0,0,0,0,False,0,0,0,0,1,1,0,0
131,0,0,2,0,0,0,0,False,0,0,0,0,0,0,0,0
12,0,5,2,1,0,1,0,False,0,0,0,0,0,0,0,0
13,0,0,1,0,0,0,0,False,0,0,0,0,0,0,0,0
19,15,0,2,1,1,1,0,False,2,0,0,0,1,0,1,0
227,5,0,2,1,0,1,0,False,0,0,0,0,1,0,0,0
391,2,0,5,1,1,1,0,False,0,0,0,0,0,0,0,1
135,1,0,0,1,1,1,0,False,0,0,0,0,1,0,0,0
196,11,3,10,1,1,1,0,False,0,0,0,0,0,1,1,0
237,0,1,1,1,1,1,0,False,0,0,0,0,0,0,0,0
62,0,2,0,1,1,1,0,False,0,0,0,0,0,0,0,0
16,0,1,0,1,0,1,0,False,0,0,0,0,0,0,0,0
80,0,0,1,0,0,0,0,False,0,0,0,0,0,0,0,0
48,0,0,3,0,0,0,0,False,0,0,0,0,0,0,0,0
44,0,0,1,0,0,0,0,False,0,0,0,0,0,0,0,0
133,2,0,0,1,0,1,0,False,0,0,0,0,0,0,0,0
155,24,3,13,1,1,1,0,False,1,0,0,0,3,1,1,3
324,5,0,5,1,1,1,0,False,1,0,0,0,0,0,0,0
50,87,15,16,1,1,1,0,False,6,0,1,0,5,1,7,0
22,1,0,0,1,0,1,0,False,0,0,0,0,0,0,0,0
17,6,0,6,1,0,1,0,False,1,0,0,0,0,2,2,0
62,0,4,0,1,1,1,0,False,0,0,0,0,0,0,0,0
400,0,0,1,0,0,0,0,False,0,0,0,0,0,0,0,0
249,0,0,1,0,0,0,0,False,0,0,0,0,0,0,0,0
16,0,0,1,0,0,0,0,False,0,0,0,0,0,0,0,0
117,0,9,0,0,0,1,0,False,0,1,0,0,0,0,0,0
91,0,1,0,1,1,1,0,False,0,0,0,0,0,0,0,0
166,0,3,0,1,1,1,0,False,0,0,0,0,0,0,0,0
429,0,5,0,1,1,1,0,False,0,1,0,0,0,0,0,0
83,0,11,0,1,0,1,0,False,0,0,0,0,0,0,0,0
214,0,15,0,1,0,1,0,False,0,1,0,0,0,1,0,0
162,0,8,0,1,0,1,0,False,0,1,0,0,0,0,0,0
6,1,0,0,0,0,1,0,False,0,0,0,0,1,0,0,0
110,14,4,4,1,0,1,0,False,0,0,0,0,2,1,0,0
153,0,2,0,1,0,1,0,False,0,0,0,0,0,0,0,1
379,20,2,7,1,1,1,0,False,0,0,0,0,6,0,5,2
60,0,0,1,0,0,0,0,False,0,0,0,0,0,0,0,0
14,0,0,2,0,0,0,0,False,0,0,0,0,0,0,0,0
151,0,0,4,0,0,0,0,False,0,0,0,0,0,0,0,0
174,6,1,0,1,0,1,0,False,0,0,0,0,0,0,0,0
33,15,0,3,1,1,1,0,False,0,0,0,0,2,0,0,0
16,18,0,0,1,0,1,0,False,1,0,0,0,0,0,0,0
59,6,0,0,1,1,1,0,False,0,0,0,0,2,0,1,0
48,0,0,1,0,0,0,0,False,0,0,0,0,0,0,0,0
263,12,88,50,1,0,1,0,False,0,0,0,0,0,0,0,0
127,0,0,1,1,1,1,0,False,0,0,0,0,0,0,0,0
17,131,10,1,1,1,1,0,False,8,0,2,0,19,0,10,0
445,1,1,1,1,0,0,0,False,0,0,0,0,0,0,0,1
142,3,0,0,1,1,1,0,False,1,0,0,0,0,0,0,0
213,1,0,1,1,1,1,0,False,0,0,0,0,0,0,0,0
101,101,0,0,0,0,0,0,False,8,0,2,0,9,0,17,0
131,1,1,4,0,0,0,0,False,0,0,0,0,0,0,2,0
568,0,0,1,0,0,0,0,False,0,0,0,0,0,0,0,0
387,0,0,1,0,0,0,0,False,0,0,0,0,0,0,0,0
218,3,2,5,1,0,1,0,False,0,0,0,0,0,1,2,2
30,33,0,11,0,0,1,0,False,0,0,0,0,0,0,0,0
2,15,0,0,0,0,0,0,False,0,0,0,0,0,0,0,0
33,8,0,1,1,0,1,0,False,1,0,0,0,0,0,2,0
6,11,30,3,1,0,1,0,False,2,2,0,2,7,0,3,4
32,0,0,1,0,0,0,0,False,0,0,0,0,0,0,0,0
39,39,0,0,0,0,0,0,False,4,0,2,0,0,0,4,0
24,0,0,1,0,0,0,0,False,0,0,0,0,0,0,0,0
91,91,0,0,0,0,0,0,False,3,0,1,0,9,0,6,0
20,18,1,2,1,1,1,0,False,0,0,0,0,2,0,0,1
266,3,0,1,1,1,1,0,False,0,0,0,0,1,0,0,0
55,5,16,12,1,0,1,0,False,0,0,0,0,5,7,1,0
22,1,0,0,1,0,1,0,False,0,0,0,0,0,0,0,0
139,139,0,0,0,0,0,0,False,10,0,3,0,14,0,9,0
62,0,0,1,0,0,0,0,False,0,0,0,0,0,0,0,0
112,0,0,2,0,0,0,0,False,0,0,0,0,0,0,1,1
6,1,2,0,1,1,1,0,False,0,0,0,0,0,0,0,0
11,4,4,3,0,0,1,0,False,0,1,0,0,0,0,1,1
13,0,0,1,0,0,0,0,False,0,0,0,0,0,0,0,0
175,1,0,0,1,1,1,0,False,0,0,0,0,0,0,0,0
77,1,0,1,1,1,1,0,False,0,0,0,0,0,0,0,0
254,1,0,0,1,0,1,0,False,0,0,0,0,0,0,0,0
134,0,0,1,0,0,0,0,False,0,0,0,0,0,0,0,0
246,5,0,5,1,1,1,0,False,1,0,0,0,1,0,1,0
12,14,3,4,1,0,1,0,False,3,2,0,0,3,0,1,1
410,2,1,0,1,1,1,0,False,0,0,0,0,0,0,0,0
281,0,3,0,1,1,1,0,False,0,0,0,0,0,1,0,0
448,0,0,2,0,0,0,0,False,0,0,0,0,0,0,1,1
666,0,0,3,0,0,0,0,False,0,0,1,1,0,0,0,0
66,0,0,1,0,0,0,0,False,0,0,0,0,0,0,0,0
178,13,0,1,1,1,1,0,False,1,0,0,0,5,0,2,0
370,0,0,1,0,0,0,0,False,0,0,0,0,0,0,0,0
121,7,0,6,0,0,1,0,False,0,0,0,0,7,0,0,0
1,0,1,9,1,0,1,0,False,0,0,0,0,0,1,0,1
58,0,0,1,0,0,0,0,False,0,0,0,0,0,0,0,0
17,1,0,0,1,0,1,0,False,0,0,0,0,0,0,0,0
72,0,0,3,1,0,1,0,False,1,1,0,0,0,0,0,0
110,0,0,8,1,0,1,0,False,1,1,0,0,0,0,0,0
108,0,0,4,1,0,1,0,False,1,1,0,0,0,0,0,0
25,0,0,2,0,0,0,0,False,0,0,0,0,1,1,0,0
142,1,7,8,1,1,1,0,False,0,2,0,0,0,0,0,0
24,1,1,2,0,0,1,0,False,1,1,0,0,0,0,0,0
160,1,1,0,0,0,0,0,False,0,0,0,0,0,0,0,0
18,2,0,3,1,0,1,0,False,1,1,0,0,1,0,1,1
88,0,1,2,1,1,1,0,False,0,0,0,0,0,0,0,0
148,0,8,2,1,1,1,0,False,0,0,0,0,0,1,0,0
389,0,1,0,0,0,0,0,False,0,0,0,0,0,0,0,0
365,0,1,0,1,1,1,0,False,0,0,0,0,0,0,0,0
76,0,0,1,0,0,0,0,False,0,0,0,0,0,0,1,0
13,9,2,7,1,0,1,0,False,1,0,0,0,1,0,1,0
50,8,0,0,1,1,1,0,False,0,0,0,0,0,0,0,0
464,3,6,3,1,1,1,0,False,1,0,0,0,0,0,1,0
370,0,0,13,1,0,0,0,False,0,0,0,0,0,0,0,0
47,3,0,0,1,1,1,0,False,0,0,0,0,0,0,0,0
77,0,2,1,1,1,1,0,False,0,0,0,0,0,0,0,0
11,0,0,1,0,0,0,0,False,0,0,0,0,0,0,0,0
49,1,41,2,1,1,1,0,False,0,0,0,0,1,12,0,0
31,18,2,0,1,1,1,0,False,0,0,0,0,10,0,0,0
18,34,0,0,1,1,1,0,False,2,0,0,0,2,0,3,0
398,1,0,2,1,0,1,0,False,0,0,0,0,0,0,1,0
38,7,0,0,1,1,1,0,False,0,0,0,0,2,0,1,0
19,1,1,0,1,0,0,0,False,0,0,0,0,0,0,1,0
4,4,0,1,1,0,1,0,False,0,0,0,0,0,0,1,0
138,0,0,1,0,0,0,0,False,0,0,0,0,0,0,0,0
10,0,0,1,0,0,0,0,False,0,0,0,0,0,0,0,0
361,0,0,1,0,0,0,0,False,0,0,0,0,0,0,0,0
47,0,0,1,0,0,0,0,False,0,0,0,0,0,0,0,1
63,1,0,0,1,0,1,0,False,0,0,0,0,0,0,0,0
51,0,0,1,0,0,0,0,False,0,0,0,0,0,0,0,0
159,0,0,1,0,0,0,0,False,0,0,0,0,0,0,0,0
815,0,0,2,0,0,0,0,False,0,0,0,0,0,0,0,0
228,0,0,1,0,0,0,0,False,0,0,0,0,0,0,0,0
349,0,0,1,0,0,0,0,False,0,0,0,0,0,0,0,0
6,1,19,3,1,0,1,0,False,0,1,0,0,1,2,0,4
37,4,0,1,1,0,1,0,False,0,0,0,0,1,0,0,0
98,0,0,1,0,0,0,0,False,0,0,0,0,0,0,0,0
346,2,0,5,1,0,0,0,False,0,0,0,0,1,0,1,2
129,0,0,1,0,0,0,0,False,0,0,0,0,0,0,0,0
52,3,6,2,1,1,1,0,False,0,1,0,0,0,0,1,1
615,1,16,0,1,1,1,0,False,0,1,0,1,0,0,0,1
323,6,0,2,1,0,1,0,False,0,0,0,0,1,0,1,0
278,1,0,1,1,0,1,0,False,0,0,0,0,0,0,0,0
59,0,0,1,0,0,0,0,False,0,0,0,0,0,0,0,0
15,0,0,1,0,0,0,0,False,0,0,0,0,0,0,0,0
42,1,0,1,1,1,1,0,False,0,0,0,0,0,0,1,0
40,40,0,0,0,0,0,0,False,5,0,1,0,3,0,4,0
33,3,0,0,1,0,1,0,False,0,0,0,0,0,0,0,0
14,0,0,1,0,0,0,0,False,0,0,0,0,0,0,0,0
97,0,1,2,1,1,1,0,False,0,0,0,0,0,0,0,1
31,0,8,1,1,0,1,0,False,0,1,0,0,0,0,0,1
124,0,6,0,1,1,1,0,False,0,0,0,0,0,0,0,0
111,5,0,3,1,1,1,0,False,1,0,0,0,0,0,2,0
142,0,0,2,0,0,0,0,False,0,0,0,0,0,0,0,0
41,1,0,0,1,0,1,0,False,0,0,0,0,0,0,0,0
58,1,137,1,1,1,1,0,False,0,16,0,1,0,11,0,13
142,2,2,6,1,0,1,0,False,0,0,0,0,0,0,0,0
387,3,0,0,1,1,1,0,False,0,0,0,0,0,0,1,0
203,1,0,0,1,0,1,0,False,0,0,0,0,0,0,0,0
353,0,0,1,1,0,0,0,False,0,0,0,0,0,0,0,0
115,0,0,1,1,0,0,0,False,0,0,0,0,0,0,0,0
26,1,1,2,1,1,1,0,False,0,0,0,0,0,0,0,0
67,1,1,1,0,0,0,0,False,0,0,0,0,0,0,0,0
192,0,0,1,0,0,0,0,False,0,0,0,0,0,0,0,0
480,0,0,1,0,0,0,0,False,0,0,0,0,0,0,0,0
13,3,0,0,1,1,1,0,False,0,0,0,0,2,0,0,0
221,2,0,1,1,0,1,0,False,0,0,0,0,0,0,0,0
185,3,16,2,1,1,1,0,False,0,1,0,0,0,1,0,3
158,0,0,2,0,0,0,0,False,0,0,0,0,0,0,0,0
10,2,0,1,1,0,1,0,False,0,0,0,0,0,0,1,0
102,3,0,2,0,0,1,0,False,0,0,0,0,0,0,0,0
158,0,0,1,0,0,0,0,False,0,0,0,0,0,0,0,1
428,0,0,1,0,0,0,0,False,0,0,0,0,0,0,0,0
189,0,0,0,0,0,0,0,False,0,0,0,0,0,0,0,0
45,0,2,1,1,1,1,0,False,0,0,0,0,0,0,1,1
378,0,0,4,1,0,0,0,False,0,0,0,0,0,0,1,0
47,0,1,1,1,1,1,0,False,0,0,0,0,0,0,1,0
12,0,1,1,1,1,1,0,False,0,0,0,0,0,0,1,0
560,2,0,0,1,1,1,0,False,0,0,0,0,0,0,0,0
37,2,0,1,1,0,1,0,False,0,0,0,0,1,0,0,0
8,0,0,1,0,0,0,0,False,0,0,0,0,0,0,0,0
7,0,0,1,0,0,0,0,False,0,0,0,0,0,0,0,0
24,0,2,3,1,0,1,0,False,0,0,0,0,0,0,0,0
31,1,1,4,1,1,1,0,False,0,0,0,0,0,0,0,0
13,13,0,0,0,0,0,0,False,1,0,0,0,0,0,3,0
14,0,1,0,1,0,1,0,False,0,0,0,0,0,0,0,0
65,6,0,1,1,1,1,0,False,0,0,0,0,1,0,0,0
258,1,0,1,1,1,1,0,False,0,0,0,0,0,0,0,0
62,1,0,0,1,1,1,0,False,0,0,0,0,0,0,0,0
4,76,0,0,1,0,1,0,False,8,0,3,0,7,0,4,0
29,0,0,2,0,0,1,0,False,1,1,0,0,0,0,0,0
280,1,0,0,1,1,1,0,False,0,0,0,0,1,0,0,0
240,1,0,1,1,0,1,0,False,0,0,0,0,0,0,0,0
334,2,0,0,1,1,1,0,False,0,0,0,0,0,0,0,0
32,0,0,1,0,0,0,0,False,0,0,0,0,0,0,0,0
103,0,0,1,0,0,0,0,False,0,0,0,0,0,0,0,0
89,0,0,1,0,0,0,0,False,0,0,0,0,0,0,0,0
143,4,0,0,1,1,1,0,False,1,0,0,0,0,0,0,0
444,1,1,3,0,0,0,0,False,0,0,0,0,0,0,0,0
64,1,1,3,0,0,0,0,False,0,0,0,0,1,1,0,0
285,14,0,3,1,1,1,0,False,2,0,0,0,0,0,0,0
164,7,0,1,1,0,1,0,False,1,0,0,0,2,0,0,0
65,4,0,5,1,1,1,0,False,1,0,0,0,0,0,1,0
151,2,0,1,1,0,1,0,False,0,0,0,0,0,0,0,0
128,3,0,0,1,0,1,0,False,1,0,0,0,0,0,0,0
11,7,0,1,1,0,1,0,False,1,0,0,0,0,0,3,0
175,3,1,6,1,0,1,0,False,0,0,0,0,1,1,0,0
201,0,2,0,1,1,1,0,False,0,0,0,0,0,0,0,0
197,0,0,1,0,0,0,0,False,0,0,0,0,0,0,0,0
72,0,1,0,1,0,1,0,False,0,0,0,0,0,0,0,0
61,61,0,0,0,0,0,0,False,3,0,0,0,5,0,5,0
62,0,0,1,0,0,0,0,False,0,0,0,0,0,0,0,0
16,0,1,0,1,0,1,0,False,0,0,0,0,0,0,0,0
120,2,0,0,1,1,1,0,False,0,0,0,0,0,0,0,0
38,2,38,5,1,1,1,0,False,0,2,0,0,0,3,1,2
150,0,0,3,0,0,0,0,False,0,0,0,0,0,0,0,1
69,0,0,1,0,0,0,0,False,0,0,0,0,0,0,0,0
7,0,0,1,0,0,0,0,False,0,0,0,0,0,0,0,0
3,13,0,1,1,0,1,0,False,0,0,0,0,2,0,1,0
4,113,9,7,1,1,1,0,False,8,0,1,0,16,0,17,1
69,1,0,1,1,0,1,0,False,0,0,0,0,0,0,0,0
65,1,0,0,1,1,1,0,False,0,0,0,0,0,0,0,0
169,1,1,2,1,0,0,0,False,0,0,0,0,0,0,0,0
11,2,0,1,1,0,1,0,False,0,0,0,0,0,0,0,0
389,0,0,2,0,0,0,0,False,0,0,0,0,0,0,0,0
234,3,0,2,1,0,1,0,False,0,0,0,0,2,0,0,0
23,2,0,1,1,0,1,0,False,0,0,0,0,0,0,0,0
306,0,1,5,1,0,1,0,False,0,0,0,0,2,1,0,0
262,0,0,4,0,0,1,0,False,0,0,0,0,0,0,0,0
12,13,0,2,1,1,1,0,False,1,0,0,0,0,0,1,1
25,0,0,1,0,0,0,0,False,0,0,0,0,0,0,0,0
92,16,0,2,1,1,1,0,False,0,0,0,0,3,0,1,0
23,0,1,0,1,1,1,0,False,0,0,0,0,0,0,0,1
213,12,0,0,1,0,1,0,False,1,0,0,0,1,0,0,0
186,0,1,0,1,0,1,0,False,0,0,0,0,0,0,0,0
72,1,0,1,1,0,1,0,False,0,0,0,0,0,0,0,0
16,144,0,0,0,0,0,0,False,0,0,0,0,0,0,0,0
30,12,0,3,0,0,1,0,False,0,0,0,0,0,0,0,0
240,4,1,5,1,0,1,0,False,0,0,0,0,0,0,0,0
84,1,0,0,1,1,1,0,False,0,0,0,0,0,0,0,0
17,0,0,7,0,0,0,0,False,0,0,0,0,0,0,0,0
211,0,0,1,0,0,0,0,False,0,0,0,0,0,0,0,0
13,0,0,1,0,0,0,0,False,0,0,0,0,0,0,0,0
7,0,0,1,0,0,0,0,False,0,0,0,0,0,0,0,0
119,0,0,1,0,0,0,0,False,0,0,0,0,0,0,0,0
769,2,0,0,1,1,1,0,False,0,0,0,0,0,0,0,0
28,28,0,0,0,0,0,0,False,4,0,3,0,2,0,5,0
306,21,0,0,1,0,1,0,False,2,0,0,0,0,0,0,0
248,0,0,1,0,0,0,0,False,0,0,0,0,0,0,0,0
298,0,0,0,0,0,0,0,False,0,0,0,0,0,0,0,0
160,1,0,1,1,1,1,0,False,0,0,0,0,0,0,0,0
13,0,7,0,1,0,1,0,False,0,1,0,0,0,1,0,1
158,21,7,6,1,1,1,0,False,1,0,0,0,3,0,0,1
29,14,0,0,1,1,1,0,False,2,0,0,0,2,0,1,0
47,1,0,0,1,1,1,0,False,0,0,0,0,0,0,0,0
202,3,0,0,1,0,1,0,False,0,0,0,0,0,0,0,0
76,27,15,12,1,0,1,0,False,0,0,0,0,1,4,1,1
84,6,0,0,1,0,1,0,False,2,0,0,0,0,0,0,0
167,0,5,0,1,1,1,0,False,0,0,0,0,0,0,0,0
109,2,0,0,1,0,1,0,False,0,0,0,0,0,0,0,0
163,4,5,10,0,0,1,0,False,0,0,0,0,0,0,0,0
20,3,2,1,1,0,0,0,False,0,0,0,0,0,0,0,1
398,0,0,1,0,0,0,0,False,0,0,0,0,0,0,0,0
810,5,2,3,1,1,1,0,False,0,0,0,0,1,0,0,2
431,0,0,1,0,0,0,0,False,0,0,0,0,0,0,0,0
245,1,0,3,1,1,1,0,False,0,0,0,0,0,0,0,0
180,0,0,1,0,0,0,0,False,0,0,0,0,0,0,0,0
219,1,1,2,1,0,0,0,False,0,0,0,0,0,0,0,1
445,4,0,6,1,1,1,0,False,0,0,0,0,1,0,0,0
227,3,0,1,1,0,1,0,False,0,0,0,0,1,0,0,0
16,0,0,1,0,0,0,0,False,0,0,0,0,0,0,0,0
143,7,0,1,1,0,1,0,False,1,0,0,0,0,0,1,0
10,37,3,14,1,0,1,0,False,1,0,0,0,2,0,5,0
587,0,2,6,1,1,1,0,False,0,0,0,0,0,0,0,1
8,29,0,1,1,0,1,0,False,1,0,0,0,3,0,2,0
331,0,0,1,0,0,0,0,False,0,0,0,0,0,0,0,0
390,0,1,27,0,0,0,0,False,0,0,0,0,0,0,0,0
352,0,0,1,0,0,0,0,False,0,0,0,0,0,0,0,0
453,0,0,1,0,0,0,0,False,0,0,0,0,0,0,0,0
73,0,0,1,0,0,0,0,False,0,0,0,0,0,0,0,0
210,0,0,2,0,0,0,0,False,0,0,0,0,0,0,0,0
96,0,0,1,0,0,0,0,False,0,0,0,0,0,0,0,0
339,4,0,0,0,0,1,0,False,0,0,0,0,0,0,0,0
41,0,0,2,0,0,0,0,False,0,0,0,0,0,0,0,0
13,1,0,3,0,0,0,0,False,0,0,0,0,0,0,1,0
56,1,0,3,1,0,1,0,False,0,0,0,0,0,0,0,0
11,7,4,2,1,1,1,0,False,2,0,1,0,1,1,2,1
43,1,0,2,1,0,1,0,False,0,0,0,0,0,0,0,0
97,0,0,2,0,0,0,0,False,0,0,0,0,0,0,1,0
12,2,0,1,0,0,1,0,False,0,0,0,0,1,0,0,0
174,4,2,12,1,1,1,0,False,0,0,0,0,0,0,0,0
56,2,0,1,1,0,1,0,False,0,0,0,0,0,0,0,0
4,21,3,4,1,0,1,0,False,0,0,0,0,0,0,3,0
24,1,19,1,1,0,1,0,False,0,0,0,0,0,0,1,1
22,54,1,0,1,1,1,0,False,4,0,1,0,7,0,7,0
16,6,29,16,1,0,1,0,False,0,2,0,1,0,6,1,4
55,16,0,0,1,0,1,0,False,0,0,1,0,0,0,2,0
43,0,0,2,0,0,0,0,False,0,0,0,0,0,0,0,0
28,0,2,1,1,0,1,0,False,0,0,0,0,0,0,0,1
100,1,0,0,1,0,1,0,False,0,0,0,0,0,0,0,0
131,0,1,0,1,1,1,0,False,0,0,0,0,0,0,0,0
192,0,0,8,0,0,1,0,False,1,1,0,0,0,0,2,1
461,0,0,1,0,0,0,0,False,0,0,0,0,0,0,0,0
20,1,6,2,0,0,1,0,False,1,1,0,0,0,1,1,0
58,5,0,1,1,1,1,0,False,0,0,0,0,0,0,1,0
58,0,0,1,0,0,0,0,False,0,0,0,0,0,0,0,0
31,1,0,1,1,0,0,0,False,0,0,0,0,0,0,0,0
8,1,0,0,0,0,0,0,False,0,0,0,0,0,0,0,0
252,0,0,1,0,0,0,0,False,0,0,0,0,0,0,0,0
272,1,55,4,1,0,1,0,False,1,5,1,1,1,1,1,1
32,66,1,3,1,1,1,0,False,3,0,0,0,6,0,1,0
33,3,0,0,0,0,0,0,False,0,0,0,0,0,0,0,0
2,18,2,1,1,0,1,1,False,2,0,0,0,7,0,3,0
32,0,0,1,0,0,0,0,False,0,0,0,0,0,0,0,0
15,0,0,1,0,0,0,0,False,0,0,0,0,0,0,0,0
298,298,0,0,0,0,0,0,False,22,0,3,0,21,0,20,0
13,7,0,0,0,0,1,0,False,1,0,0,0,0,0,0,0
213,4,0,1,1,1,1,0,False,0,0,0,0,0,0,0,0
28,0,0,1,0,0,0,0,False,0,0,0,0,0,0,0,0
81,3,0,0,1,0,1,0,False,0,0,0,0,0,0,0,0
65,2,0,0,1,1,1,0,False,0,0,0,0,0,0,0,0
498,7,0,0,1,1,1,0,False,0,0,0,0,0,0,0,0
138,0,0,1,0,0,0,0,False,0,0,0,0,0,0,0,0
20,2,4,4,1,0,1,0,False,0,0,0,0,0,0,0,0
8,0,1,0,1,0,1,0,False,0,0,0,0,0,0,0,0
51,2,19,14,1,0,1,0,False,0,0,0,0,0,0,0,0
76,0,0,0,0,0,0,0,False,0,0,0,0,0,0,0,0
47,0,1,0,1,0,0,0,False,0,0,0,0,0,0,0,0
45,1,0,0,1,0,1,0,False,0,0,0,0,0,0,0,0
141,0,0,0,0,0,0,0,False,0,0,0,0,0,0,0,0
80,0,1,0,1,1,1,0,False,0,0,0,0,0,0,0,0
82,0,5,0,1,1,1,0,False,0,0,0,0,0,0,0,0
4,0,0,0,0,0,0,0,False,0,0,0,0,0,0,0,0
43,15,0,0,1,0,1,0,False,0,0,0,0,0,0,0,0
29,5,0,0,1,1,1,0,False,0,0,0,0,1,0,0,0
58,0,0,1,0,0,0,0,False,0,0,0,0,0,0,0,0
91,1,0,0,0,0,0,0,False,0,0,0,0,0,0,0,0
352,0,0,1,0,0,0,0,False,0,0,0,0,0,0,0,0
59,0,0,1,0,0,0,0,False,0,0,0,0,0,0,0,0
16,1,1,1,1,0,1,0,False,0,0,0,0,0,0,1,0
36,36,0,0,0,0,0,0,False,3,0,0,0,5,0,10,0
75,75,0,0,0,0,0,0,False,4,0,0,0,19,0,10,0
39,39,0,0,0,0,0,0,False,1,0,0,0,5,0,10,0
90,0,0,7,0,0,0,0,False,0,0,0,0,0,0,0,0
34,0,0,2,0,0,0,0,False,0,0,0,0,0,0,0,0
47,2,0,0,1,1,1,0,False,0,0,0,0,0,0,0,0
11,28,3,13,1,1,1,0,False,0,0,1,0,5,0,3,1
108,4,0,0,1,1,1,0,False,0,0,0,0,2,0,0,0
212,1,1,4,1,1,1,0,False,0,0,0,0,0,0,1,1
124,0,1,0,1,0,1,0,False,0,0,0,0,0,0,0,0
85,1,0,0,1,1,1,0,False,0,0,0,0,0,0,0,0
346,11,0,3,1,1,1,0,False,0,0,0,0,1,0,0,0
59,0,0,7,0,0,0,0,False,0,0,0,0,0,0,0,0
90,0,0,4,0,0,0,0,False,0,0,0,0,0,0,0,0
588,0,0,2,0,0,0,0,False,0,0,0,0,0,0,0,0
130,0,0,1,0,0,0,0,False,0,0,0,0,0,0,0,0
393,0,0,2,0,0,0,0,False,0,0,0,0,0,0,0,0
332,1,1,0,0,0,0,0,False,0,0,0,0,0,0,0,0
76,0,0,1,0,0,0,0,False,0,0,0,0,0,0,0,0
115,0,0,1,0,0,0,0,False,0,0,0,0,0,0,0,0
616,0,0,2,0,0,0,0,False,0,0,0,0,0,0,0,0
98,0,0,2,0,0,0,0,False,0,0,0,0,0,0,0,0
111,0,0,1,0,0,0,0,False,0,0,0,0,0,0,0,0
88,0,0,1,0,0,0,0,False,0,0,0,0,0,0,0,0
70,0,0,2,0,0,0,0,False,0,0,0,0,0,0,0,0
195,0,0,1,0,0,0,0,False,0,0,0,0,0,0,0,0
145,0,0,2,0,0,0,0,False,0,0,0,0,0,0,0,0
190,1,1,4,0,0,0,0,False,0,0,0,0,0,0,0,0
434,0,0,1,0,0,0,0,False,0,0,0,0,0,0,0,0
814,0,0,2,0,0,0,0,False,0,0,0,0,0,0,0,0
823,0,0,2,0,0,0,0,False,0,0,0,0,0,0,0,0
102,0,0,3,0,0,0,0,False,0,0,0,0,0,0,0,0
83,0,0,1,0,0,0,0,False,0,0,0,0,0,0,0,0
105,0,0,2,0,0,0,0,False,0,0,0,0,0,0,0,0
128,0,0,1,0,0,0,0,False,0,0,0,0,0,0,0,0
534,0,0,2,0,0,0,0,False,0,0,0,0,0,0,0,0
358,0,0,1,0,0,0,0,False,0,0,0,0,0,0,0,0
29,0,0,1,0,0,0,0,False,0,0,0,0,0,0,0,0
494,0,0,5,0,0,0,0,False,0,0,0,0,0,0,0,0
146,0,0,1,0,0,0,0,False,0,0,0,0,0,0,0,0
127,0,0,2,0,0,0,0,False,0,0,0,0,0,0,0,0
24,0,0,1,0,0,0,0,False,0,0,0,0,0,0,0,0
178,0,0,5,0,0,0,0,False,0,0,0,0,0,0,0,0
428,0,0,3,0,0,0,0,False,0,0,0,0,0,0,0,0
158,0,0,2,0,0,0,0,False,0,0,0,0,0,0,0,0
238,0,0,1,0,0,0,0,False,0,0,0,0,0,0,0,0
5,0,1,0,0,0,0,0,False,0,0,0,0,0,0,0,0
2,0,0,1,0,0,0,0,False,0,0,0,0,0,0,0,0
3,0,0,1,0,0,0,0,False,0,0,0,0,0,0,0,0
33,0,0,1,0,0,0,0,False,0,0,0,0,0,0,0,0
60,0,0,4,0,0,0,0,False,0,0,0,0,0,0,0,0
33,1,0,0,1,1,1,0,False,0,0,0,0,0,0,0,0
310,0,0,2,0,0,0,0,False,0,0,0,0,0,0,1,1
5,4,0,2,0,0,0,0,False,0,0,0,0,0,0,0,0
243,0,0,1,0,0,0,0,False,0,0,0,0,0,0,0,0
213,1,1,0,1,0,0,0,False,0,0,0,0,0,0,0,0
65,0,0,2,0,0,0,0,False,0,0,0,0,0,0,0,0
10,0,0,1,0,0,0,0,False,0,0,0,0,0,0,0,0
177,1,0,0,1,1,1,0,False,0,0,0,0,0,0,0,0
15,0,2,0,1,0,0,0,False,0,0,0,0,0,0,0,0
212,1,0,1,1,0,1,0,False,0,0,0,0,0,0,0,0
7,1,0,2,1,0,1,0,False,0,0,0,0,0,0,0,0
58,0,0,1,0,0,0,0,False,0,0,0,0,0,0,0,0
33,1,0,0,1,1,1,0,False,0,0,0,0,0,0,0,0
239,9,0,1,1,0,1,0,False,0,0,0,0,0,0,0,0
55,10,0,2,1,1,1,0,False,1,0,0,0,2,0,2,1
472,0,0,1,0,0,0,0,False,0,0,0,0,1,0,0,0
401,0,0,1,0,0,0,0,False,0,0,0,0,0,0,0,0
144,1,2,2,1,1,1,0,False,0,0,0,0,0,0,0,0
322,1,7,3,1,1,1,0,False,1,0,0,0,0,0,1,1
107,1,0,0,1,1,1,0,False,0,0,0,0,0,0,0,0
78,1,0,0,1,1,1,0,False,0,0,0,0,0,0,0,0
79,1,0,0,1,0,1,0,False,0,0,0,0,0,0,0,0
169,3,1,0,0,1,1,0,False,0,0,0,0,0,0,0,0
195,0,0,1,0,0,0,0,False,0,0,0,0,0,0,0,0
155,0,0,1,0,0,0,0,False,0,0,0,0,0,0,0,0
32,1,0,0,1,1,1,0,False,0,0,0,0,0,0,0,0
291,0,1,2,1,0,1,0,False,0,0,0,0,0,0,0,0
42,19,0,3,1,0,1,0,False,3,0,0,0,0,0,2,0
251,0,1,1,1,0,1,0,False,0,0,0,0,0,0,0,0
126,0,0,2,1,0,0,0,False,0,0,0,0,0,0,0,0
80,0,0,1,0,0,0,0,False,0,0,0,0,0,0,0,0
47,47,0,0,0,0,0,0,False,4,0,2,0,9,0,7,0
138,0,1,0,1,1,1,0,False,0,0,0,0,0,0,0,0
91,0,0,1,0,0,0,0,False,0,0,0,0,0,0,0,0
22,0,0,4,0,1,1,0,False,0,0,0,0,0,0,1,0
570,2,0,0,1,1,1,0,False,0,0,0,0,0,0,0,0
63,2,0,2,0,0,0,0,False,0,0,0,0,0,0,0,0
48,1,0,1,1,0,1,0,False,0,0,0,0,0,0,0,0
427,0,0,0,0,0,0,0,False,0,0,0,0,0,0,0,0
335,0,1,0,1,1,1,0,False,0,0,0,0,0,0,0,1
437,0,0,1,0,0,0,0,False,0,0,0,0,0,0,0,0
83,3,0,0,1,0,1,0,False,1,0,0,0,0,0,0,0
76,3,0,1,0,0,1,0,False,1,0,0,0,0,0,0,0
1,0,1,0,1,0,1,0,False,0,0,0,0,0,0,0,0
74,0,0,1,0,0,0,0,False,0,0,0,0,0,0,0,0
28,21,0,4,1,1,1,0,False,3,0,1,0,0,0,0,0
85,16,1,9,1,1,1,0,False,1,0,0,0,2,1,3,0
211,10,0,1,1,1,1,0,False,0,0,0,0,0,0,0,0
186,0,21,0,1,0,1,0,False,0,1,0,1,0,1,0,0
226,0,0,5,0,0,0,0,False,0,0,0,0,0,0,0,0
28,0,0,1,0,0,0,0,False,0,0,0,0,0,0,0,0
44,2,0,1,1,0,1,0,False,0,0,0,0,1,0,0,0
347,0,0,1,0,0,0,0,False,0,0,0,0,0,0,0,0
643,2,0,0,1,1,1,0,False,0,0,0,0,0,0,0,0
62,0,0,1,0,0,0,0,False,0,0,0,0,0,0,0,0
800,0,2,3,1,1,1,0,False,0,0,0,0,0,1,0,0
9,12,22,9,1,1,1,0,False,4,4,0,2,2,5,3,5
59,0,0,1,0,0,0,0,False,0,0,0,0,0,0,0,0
57,0,0,1,0,0,0,0,False,0,0,0,0,0,0,0,0
8,0,1,0,1,0,1,0,False,0,0,0,0,0,0,0,0
101,0,0,3,1,0,0,0,False,0,0,0,0,0,0,1,0
91,0,0,1,0,0,0,0,False,0,0,0,0,0,0,0,0
59,0,0,1,0,0,0,0,False,0,0,0,0,0,0,0,0
8,0,0,1,0,0,0,0,False,0,0,0,0,0,0,0,0
47,0,0,1,0,0,0,0,False,0,0,0,0,0,0,0,0
116,0,0,0,0,0,0,0,False,0,0,0,0,0,0,0,0
8,6,9,13,0,0,1,0,False,0,0,0,0,0,2,1,0
134,1,4,6,1,1,1,0,False,0,0,0,0,0,0,0,0
78,1,0,0,1,1,1,0,False,0,0,0,0,1,0,0,0
47,0,0,1,0,0,0,0,False,0,0,0,0,0,0,0,0
432,1,0,0,1,1,1,0,False,0,0,0,0,0,0,0,0
40,7,0,1,1,0,1,0,False,0,0,1,0,0,0,0,0
175,0,0,1,0,0,0,0,False,0,0,0,0,0,0,1,0
81,7,13,5,1,1,1,0,False,1,0,0,0,0,0,1,0
14,45,0,0,1,0,1,0,False,3,0,1,0,1,0,0,0
0,0,0,0,0,0,0,0,False,0,0,0,0,0,0,0,0
289,289,0,0,0,0,0,0,False,25,0,1,0,23,0,29,0
47,47,0,0,0,0,0,0,False,7,0,1,0,7,0,3,0
24,1,4,0,1,1,1,0,False,0,0,0,0,0,1,0,0
143,0,19,2,1,1,1,0,False,0,1,0,0,0,2,0,0
105,0,0,1,0,0,0,0,False,0,0,0,0,0,0,0,0
197,1,5,10,1,1,1,0,False,0,0,0,0,0,0,0,0
54,3,2,1,1,0,1,0,False,0,0,0,0,0,0,0,0
109,0,0,1,0,0,0,0,False,0,0,0,0,0,0,0,0
193,0,0,1,0,0,0,0,False,0,0,0,0,0,0,0,0
179,5,7,11,1,0,1,0,False,0,0,0,0,0,2,0,1
13,1,1,0,0,0,0,0,False,0,0,0,0,0,0,0,0
208,0,3,1,1,0,1,0,False,0,0,0,0,0,0,0,0
0,11,0,0,0,0,1,1,False,1,0,0,0,1,0,1,0
21,7,0,0,1,0,1,0,False,0,0,0,0,0,0,0,0
275,4,0,1,1,1,1,0,False,1,0,0,0,0,0,0,0
70,1,1,1,0,0,0,0,False,0,0,0,0,0,0,1,1
74,0,0,1,0,0,0,0,False,0,0,0,0,0,0,0,0
49,4,1,5,0,0,1,0,False,1,0,0,0,0,2,0,1
3,0,2,1,0,1,1,0,False,0,0,0,0,0,0,0,1
39,9,0,0,1,0,1,0,False,1,0,0,0,0,0,0,0
117,10,0,6,1,1,1,0,False,1,0,1,0,2,0,1,0
16,3,0,1,0,0,1,0,False,0,0,0,0,1,0,1,0
42,0,1,0,0,0,0,0,False,0,0,0,0,0,0,0,0
49,0,0,1,0,0,0,0,False,0,0,0,0,0,0,0,0
302,3,0,0,1,1,1,0,False,0,0,0,0,0,0,1,0
27,10,1,1,1,1,1,0,False,0,0,0,0,0,0,1,0
22,1,39,14,1,1,1,0,False,0,0,0,0,0,3,0,0
72,45,3,3,1,1,1,0,False,2,0,0,0,5,0,3,0
332,11,0,0,1,0,1,0,False,1,0,0,0,0,0,0,0
117,1,0,1,1,1,1,0,False,0,0,0,0,0,0,0,0
56,0,0,1,0,0,0,0,False,0,0,0,0,0,0,0,0
20,2,15,2,1,0,1,0,False,0,1,0,0,0,1,0,1
52,13,0,1,1,1,1,0,False,1,0,0,0,1,0,1,0
205,4,1,2,1,1,1,0,False,0,0,0,0,0,0,0,0
12,3,13,0,1,0,1,0,False,1,0,0,0,0,0,0,0
27,19,0,6,1,0,1,0,False,0,0,0,0,3,1,3,1
58,0,0,1,0,0,0,0,False,0,0,0,0,0,0,0,0
147,5,1,3,1,0,1,0,False,0,0,0,0,2,0,0,0
93,0,0,1,1,0,0,0,False,0,0,0,0,0,0,0,0
148,2,0,3,1,1,1,0,False,1,1,0,0,0,0,0,0
81,15,0,0,0,0,1,0,False,2,0,0,0,1,0,2,0
34,12,59,13,1,0,1,0,False,0,6,0,0,1,10,0,5
295,3,0,1,1,1,1,0,False,0,0,0,0,1,0,0,0
144,3,0,0,1,1,1,0,False,0,0,0,0,0,0,0,0
419,10,0,0,1,1,1,0,False,1,0,0,0,0,0,1,0
234,1,1,0,1,1,1,0,False,0,0,0,0,0,0,0,0
7,35,0,0,1,0,1,0,False,5,0,1,0,0,0,3,0
555,1,0,0,1,1,1,0,False,0,0,0,0,0,0,0,0
173,0,0,0,0,0,0,0,False,0,0,0,0,0,0,0,0
70,1,0,0,1,0,1,0,False,0,0,0,0,0,0,0,0
161,0,0,0,0,0,0,0,False,0,0,0,0,0,0,0,0
2,1,0,0,0,0,0,0,False,0,0,0,0,0,0,0,0
65,1,0,2,1,0,1,0,False,0,0,0,0,0,0,0,0
322,1,0,2,1,1,1,0,False,0,0,0,0,0,0,0,0
41,1,0,2,1,0,1,0,False,0,0,0,0,1,0,0,1
27,13,14,1,1,0,0,0,False,0,0,0,0,1,14,1,1
10,9,10,2,1,0,1,0,False,0,0,0,0,1,9,1,0
14,13,25,10,1,0,1,0,False,0,0,0,0,0,0,0,0
37,15,64,1,1,1,1,0,False,0,8,0,1,0,1,0,4
167,14,38,23,1,1,1,0,False,0,1,0,0,4,0,0,1
58,0,0,4,0,0,0,0,False,0,0,0,0,0,0,0,0
239,20,24,83,1,0,1,0,False,0,0,0,0,0,0,0,0
163,10,16,18,1,1,1,0,False,0,0,0,0,0,0,1,1
19,0,1,0,0,0,1,0,False,0,0,0,0,0,0,0,0
66,0,0,1,0,0,0,0,False,0,0,0,0,0,0,0,0
8,0,2,0,1,1,1,0,False,0,0,0,0,0,0,0,0
85,0,3,0,1,0,1,0,False,0,1,0,0,0,0,0,0
174,0,0,2,0,0,0,0,False,0,0,0,0,0,0,0,0
82,0,0,1,0,0,0,0,False,0,0,0,0,0,0,0,0
12,0,56,3,0,0,1,0,False,0,3,0,0,0,0,0,1
6,0,40,0,1,0,1,0,False,0,1,0,2,0,3,0,2
163,163,0,0,0,0,0,0,False,9,0,1,0,16,0,13,0
235,2,0,0,1,0,1,0,False,0,0,0,0,0,0,0,0
170,1,0,0,0,0,1,0,False,0,0,0,0,1,0,0,0
35,6,0,0,0,0,1,0,False,0,0,0,0,0,0,0,0
43,43,0,0,0,0,0,0,False,5,0,2,0,2,0,2,0
85,0,0,1,0,0,0,0,False,0,0,0,0,0,0,0,0
67,3,0,0,0,0,1,0,False,1,0,0,0,0,0,0,0
13,3,0,1,0,0,1,0,False,1,0,0,0,0,0,0,0
13,3,0,0,0,0,1,0,False,1,0,0,0,0,0,1,0
347,5,0,1,1,1,1,0,False,0,0,0,0,0,0,0,0
166,14,0,0,1,0,1,0,False,2,0,0,0,0,0,1,0
14,38,0,0,0,0,0,0,False,0,0,0,0,0,0,0,0
27,0,0,1,1,0,0,0,False,0,0,0,0,0,0,0,0
346,1,0,2,1,1,1,0,False,0,0,0,0,0,0,0,0
90,0,0,1,0,0,0,0,False,0,0,0,0,0,0,0,0
373,7,0,1,1,1,1,0,False,0,0,0,0,0,0,0,0
60,0,0,2,0,0,0,0,False,0,0,0,0,0,0,0,0
44,0,0,1,0,0,0,0,False,0,0,0,0,0,0,0,0
209,7,0,4,1,1,1,0,False,0,0,0,0,0,0,0,0
132,1,0,1,1,1,1,0,False,0,0,0,0,0,0,0,0
25,1,0,1,0,1,1,0,False,0,0,0,0,0,0,0,0
124,1,0,1,0,1,1,0,False,0,0,0,0,0,0,0,0
68,1,0,1,1,1,1,0,False,0,0,0,0,0,0,0,0
6,0,36,0,1,0,1,0,False,0,4,0,0,0,1,0,3
71,0,9,0,1,1,1,0,False,0,0,0,0,0,1,0,1
89,2,0,0,1,0,1,0,False,0,0,0,0,0,0,0,0
29,8,0,0,1,1,1,0,False,1,0,0,0,0,0,0,0
29,18,0,1,1,0,1,0,False,0,0,0,0,4,0,1,0
9,1,44,0,1,1,1,0,False,0,7,0,1,0,4,0,2
42,42,0,0,0,0,0,0,False,8,0,1,0,4,0,3,0
244,4,0,0,1,1,1,0,False,0,0,0,0,1,0,0,0
59,3,0,0,1,0,1,0,False,0,0,0,0,1,0,0,0
76,5,0,2,1,1,1,0,False,0,0,0,0,0,0,1,1
156,7,0,0,1,1,1,0,False,1,0,0,0,0,0,1,0
118,2,4,3,1,1,1,0,False,0,0,0,0,0,0,0,0
157,0,12,5,1,0,1,0,False,0,0,0,0,0,0,1,0
52,8,0,5,1,1,1,0,False,1,0,0,0,1,1,1,0
34,1,0,0,1,1,1,0,False,0,0,0,0,0,0,0,0
28,0,0,5,1,0,1,0,False,0,0,0,0,1,1,0,0
56,4,0,0,1,1,1,0,False,0,0,0,0,0,0,0,0
297,6,0,2,1,1,1,0,False,0,0,0,0,0,0,0,0
821,4,0,2,1,1,1,0,False,0,0,0,0,0,0,1,0
13,3,0,1,0,0,1,0,False,1,0,0,0,0,0,0,0
38,1,0,0,1,0,0,0,False,0,0,0,0,0,0,0,0
306,5,0,2,1,1,1,0,False,0,0,0,0,2,1,0,0
95,1,0,0,0,0,0,0,False,0,0,0,0,1,0,0,0
19,0,0,2,0,0,0,0,False,0,0,0,0,0,0,0,0
27,3,0,5,1,1,1,0,False,0,0,0,0,1,0,2,0
69,0,0,2,0,0,0,0,False,0,0,0,0,0,0,0,0
49,49,0,0,0,0,0,0,False,3,0,0,0,8,0,8,0
118,0,0,0,0,0,0,0,False,0,0,0,0,0,0,0,0
64,0,0,1,0,0,0,0,False,0,0,0,0,0,0,0,0
56,23,0,0,0,0,1,0,False,6,0,0,0,2,0,1,0
33,3,1,1,1,1,1,0,False,0,0,0,0,1,0,1,0
432,0,5,0,1,0,1,0,False,0,1,0,0,0,0,0,0
176,0,0,1,0,0,0,0,False,0,0,0,0,0,0,0,0
243,0,1,0,1,0,1,0,False,0,0,0,0,0,1,0,0
413,0,1,0,1,1,1,0,False,0,0,0,0,0,1,0,0
77,0,2,1,1,1,1,0,False,0,0,0,0,0,0,0,0
213,1,0,0,1,0,1,0,False,0,0,0,0,0,0,0,0
23,6,0,0,0,0,1,0,False,1,0,0,0,0,0,0,0
74,8,1,2,1,1,1,0,False,2,1,0,0,1,0,0,1
38,38,0,0,0,0,0,0,False,3,0,1,0,4,0,5,0
35,1,0,1,1,0,1,0,False,0,0,0,0,0,0,0,0
52,2,1,0,1,1,1,0,False,0,0,0,0,0,0,0,0
57,0,0,1,0,0,0,0,False,0,0,0,0,0,0,0,0
377,0,0,0,0,0,0,0,False,0,0,0,0,0,0,0,0
316,1,0,0,1,1,1,0,False,0,0,0,0,0,0,0,0
26,1,2,1,1,1,1,0,False,0,0,0,0,0,1,0,0
260,1,0,1,1,0,1,0,False,0,0,0,0,0,0,0,0
31,1,0,1,1,1,1,0,False,0,0,0,0,0,1,0,0
216,4,0,1,1,1,1,0,False,1,0,0,0,0,0,0,0
91,5,0,0,1,0,0,0,False,0,0,0,0,2,0,0,0
51,8,1,1,0,0,0,0,False,0,0,0,0,0,0,0,0
76,7,0,1,0,0,1,0,False,1,0,0,0,0,0,1,0
5,0,6,0,0,0,0,0,False,0,0,0,0,0,0,0,0
4,5,1,1,1,0,1,0,False,0,0,0,0,0,0,2,0
57,0,0,1,0,0,0,0,False,0,0,0,0,0,0,0,0
176,0,0,2,0,0,0,0,False,0,0,0,0,0,0,0,0
148,7,0,2,1,1,1,0,False,1,0,0,0,0,0,2,0
62,0,0,1,0,0,0,0,False,0,0,0,0,0,0,0,0
25,0,1,0,0,0,0,0,False,0,0,0,0,0,0,0,0
58,0,0,1,0,0,0,0,False,0,0,0,0,0,0,0,0
119,4,2,7,1,0,1,0,False,0,0,0,0,0,1,1,1
103,0,1,0,1,0,1,0,False,0,0,0,0,0,1,0,0
592,2,0,0,1,1,1,0,False,0,0,0,0,0,0,0,0
162,0,19,0,1,0,1,0,False,0,1,0,0,0,0,0,0
11,0,3,0,0,0,0,0,False,0,0,0,0,0,0,0,0
27,0,0,1,0,0,0,0,False,0,0,0,0,0,0,0,0
115,1,0,0,1,0,1,0,False,0,0,0,0,0,0,1,0
362,1,5,2,1,1,1,0,False,0,0,0,0,0,0,0,0
11,0,0,1,0,0,0,0,False,0,0,0,0,0,0,0,0
17,8,1,1,1,0,1,0,False,0,0,0,0,0,0,0,0
374,1,0,4,1,1,1,0,False,0,0,0,0,1,1,0,0
335,0,0,2,0,1,0,0,False,0,0,0,0,0,0,1,0
84,85,39,43,1,1,1,0,False,7,4,0,1,10,4,10,2
62,0,0,1,0,0,0,0,False,0,0,0,0,0,0,0,0
51,0,0,1,0,0,0,0,False,0,0,0,0,0,0,0,0
309,0,0,1,0,0,0,0,False,0,0,0,0,0,0,0,0
31,0,0,1,0,0,0,0,False,0,0,0,0,0,0,0,0
127,3,1,4,1,0,1,0,False,0,0,0,0,1,1,0,0
33,0,0,2,1,0,0,0,False,0,0,0,0,0,0,1,1
24,1,0,1,1,0,1,0,False,0,0,0,0,0,0,0,0
49,0,0,1,0,0,0,0,False,0,0,0,0,0,0,0,0
48,7,0,0,0,0,0,0,False,0,0,0,0,0,0,0,0
161,1,0,0,1,1,1,0,False,0,0,0,0,0,0,0,0
153,4,0,8,1,0,1,0,False,0,0,0,0,1,0,1,0
57,1,0,0,0,0,0,0,False,0,0,0,0,0,0,0,0
91,0,0,1,0,0,0,0,False,0,0,0,0,0,0,0,0
23,0,0,1,1,0,0,0,False,0,0,0,0,0,0,0,1
24,0,0,1,0,0,0,0,False,0,0,0,0,0,0,0,1
60,4,33,7,1,0,1,0,False,0,1,1,1,1,0,1,1
136,136,0,0,0,0,0,0,False,10,0,3,0,22,0,29,0
23,1,0,0,0,0,0,0,False,0,0,0,0,0,0,0,0
44,0,0,1,0,0,0,0,False,0,0,0,0,0,0,0,0
31,0,17,6,1,1,1,0,False,0,1,0,0,2,4,0,0
56,0,0,1,0,0,0,0,False,0,0,0,0,0,0,0,0
566,4,0,0,1,0,1,0,False,0,0,0,0,0,0,0,0
91,0,1,0,1,1,1,0,False,0,0,0,0,0,0,0,0
14,19,0,0,1,0,1,0,False,1,0,0,0,0,0,0,0
38,38,0,0,0,0,0,0,False,2,0,0,0,5,0,4,0
295,12,0,1,1,1,1,0,False,1,0,0,0,1,0,0,0
73,5,0,5,1,0,1,0,False,0,0,0,0,1,1,0,0
391,63,0,7,1,1,1,0,False,4,0,1,0,11,2,3,0
2,0,0,2,0,0,0,0,False,0,0,0,0,0,0,0,0
31,7,0,0,0,0,0,0,False,0,0,0,0,0,0,0,0
84,12,0,2,1,0,1,0,False,0,0,0,0,1,0,0,0
58,0,0,1,0,0,0,0,False,0,0,0,0,0,0,0,0
246,0,0,0,0,0,0,0,False,0,0,0,0,0,0,0,0
15,15,0,0,0,0,0,0,False,2,0,0,0,2,0,2,0
47,37,5,10,1,0,1,0,False,3,0,1,0,5,0,1,1
8,3,0,2,1,0,0,0,False,0,0,0,0,0,0,1,0
240,0,2,0,1,0,1,0,False,0,0,0,0,0,0,0,0
99,0,1,0,1,0,1,0,False,0,0,0,0,0,0,0,1
2,1,6,0,0,0,1,0,False,0,2,0,0,0,0,0,0
122,0,0,1,0,0,0,0,False,0,0,0,0,0,0,0,0
32,1,0,1,1,1,1,0,False,0,0,0,0,0,0,0,0
7,1,0,1,1,0,1,0,False,0,0,0,0,0,0,0,0
21,1,1,2,1,1,1,0,False,0,0,0,0,0,0,0,0
27,1,1,2,0,0,0,0,False,0,0,0,0,0,0,0,0
104,1,0,4,1,1,1,0,False,1,1,0,0,1,0,1,1
7,1,0,1,1,0,1,0,False,0,0,0,0,0,0,0,0
221,1,0,1,1,1,1,0,False,0,0,0,0,0,0,0,0
13,1,0,2,0,0,1,0,False,0,0,0,0,0,0,1,1
6,2,0,1,1,1,1,0,False,0,0,0,0,0,0,0,0
18,2,0,1,1,0,1,0,False,0,0,0,0,0,0,0,0
1,0,0,1,0,0,0,0,False,0,0,0,0,0,0,0,0
8,179,0,2,1,1,1,0,False,19,0,2,0,7,0,14,0
93,0,0,2,0,0,0,0,False,0,0,0,0,0,0,0,0
92,0,0,1,0,0,0,0,False,0,0,0,0,0,0,0,0
330,0,0,3,0,0,0,0,False,0,0,0,0,0,0,0,0
91,0,0,1,0,0,0,0,False,0,0,0,0,0,1,0,0
20,0,0,0,0,0,0,0,False,0,0,0,0,0,0,0,0
65,0,0,1,0,0,0,0,False,0,0,0,0,0,0,0,0
78,6,5,0,1,0,1,0,False,3,0,0,0,0,2,0,0
73,6,11,4,1,1,1,0,False,4,5,0,0,0,2,1,1
4,3,0,1,0,0,0,0,False,0,0,0,0,0,0,0,0
14,2,0,1,1,0,1,0,False,0,0,0,0,0,0,0,0
45,0,2,0,1,0,1,0,False,0,0,0,0,0,0,0,0
205,0,0,1,0,0,0,0,False,0,0,0,0,0,0,0,1
251,0,0,1,1,0,0,0,False,0,0,0,0,0,0,0,0
17,7,0,0,1,0,0,0,False,0,0,0,0,0,0,0,0
396,0,0,1,0,0,0,0,False,0,0,0,0,0,0,0,0
386,1,0,2,1,1,1,0,False,0,0,0,0,0,0,0,0
96,0,0,1,0,0,0,0,False,0,0,0,0,0,0,0,0
117,3,1,1,1,1,1,0,False,0,0,0,0,1,1,0,0
40,25,0,2,1,1,1,0,False,3,1,0,0,2,0,2,0
32,0,2,0,1,1,1,0,False,0,0,0,0,0,0,0,1
60,1,0,0,1,0,1,0,False,0,0,0,0,0,0,0,0
14,0,1,0,1,0,1,0,False,0,0,0,0,0,0,0,0
52,1,0,0,1,0,1,0,False,0,0,0,0,0,0,0,0
75,34,5,15,1,1,1,0,False,1,0,0,0,1,1,7,0
182,0,21,0,1,0,1,0,False,0,3,0,0,0,0,0,0
20,30,2,3,1,1,1,0,False,0,0,0,0,1,0,0,0
255,3,0,2,1,1,1,0,False,0,0,0,0,0,0,0,0
62,2,0,0,1,1,1,0,False,0,0,0,0,0,0,0,0
102,4,0,0,1,0,1,0,False,0,0,0,0,0,0,0,0
148,3,0,1,1,1,1,0,False,0,0,0,0,0,0,0,0
52,52,0,0,0,0,0,0,False,3,0,0,0,2,0,2,0
103,0,0,1,0,0,0,0,False,0,0,0,0,0,0,0,0
55,0,0,1,0,1,0,0,False,0,0,0,0,0,0,0,0
485,0,0,1,0,0,0,0,False,0,0,0,0,0,0,0,0
23,1,0,1,1,0,0,0,False,0,0,0,0,0,0,0,0
502,8,0,1,1,1,1,0,False,1,0,0,0,2,1,2,0
165,4,0,0,1,1,1,0,False,0,0,0,0,0,0,0,0
106,0,1,0,1,0,1,0,False,0,0,0,0,0,0,0,1
238,0,7,2,1,0,1,0,False,0,0,0,0,0,1,0,0
8,0,1,4,1,0,1,0,False,0,0,0,0,0,0,0,1
119,3,1,0,1,0,1,0,False,0,0,0,0,0,0,0,0
508,0,0,1,0,0,1,0,False,0,0,0,0,0,0,0,0
16,0,0,1,0,0,0,0,False,0,0,0,0,0,0,0,0
109,8,0,0,1,1,1,0,False,0,0,0,0,0,0,0,0
13,0,0,1,0,0,0,0,False,0,0,0,0,0,0,0,0
35,12,5,2,1,1,1,0,False,1,0,0,0,0,0,2,0
389,5,0,1,1,1,1,0,False,0,0,0,0,0,0,0,0
58,0,0,1,0,0,0,0,False,0,0,0,0,0,0,0,0
172,0,0,1,0,0,0,0,False,0,0,0,0,0,0,0,0
38,4,0,2,1,1,1,0,False,0,0,0,0,1,0,0,0
20,0,1,0,0,0,1,0,False,0,0,0,0,0,0,0,0
74,1,0,0,0,0,1,0,False,0,0,0,0,0,0,0,0
21,1,0,3,1,0,1,0,False,0,0,0,0,2,1,0,1
56,0,0,1,0,0,0,0,False,0,0,0,0,0,0,0,0
354,3,0,1,1,1,1,0,False,1,0,0,0,0,0,0,0
151,5,1,0,1,1,1,0,False,0,0,0,0,0,0,0,0
